Date,Close,Volume,Open,High,Low
2020-11-06,429.95,21706010,436.1,436.57,424.28
2020-11-05,438.09,28414520,428.3,440.0,424.0001
2020-11-04,420.98,32143060,430.62,435.4,417.1
2020-11-03,423.9,34351720,409.73,427.77,406.69
2020-11-02,400.51,29021120,394.0,406.9799,392.3
2020-10-30,388.04,42587640,406.8954,407.5915,379.11
2020-10-29,410.83,22655310,409.96,418.06,406.46
2020-10-28,406.02,25451410,416.48,418.6,406.0
2020-10-27,424.68,22686510,423.76,430.5,420.1
2020-10-26,420.28,28239160,411.63,425.76,410.0
2020-10-23,420.63,33716980,421.84,422.8859,407.3801
2020-10-22,425.79,39993190,441.92,445.23,424.51
2020-10-21,422.64,32370460,422.7,432.95,421.25
2020-10-20,421.94,31656290,431.75,431.75,419.0501
2020-10-19,430.83,36287840,446.24,447.0,428.87
2020-10-16,439.67,32775880,454.44,455.9499,438.85
2020-10-15,448.88,35672350,450.31,456.57,442.5
2020-10-14,461.3,48045390,449.78,465.9,447.35
2020-10-13,446.65,34463670,443.35,448.89,436.6
2020-10-12,442.3,38791130,442.0,448.74,438.58
2020-10-09,434.0,28925660,430.13,434.5899,426.4601
2020-10-08,425.92,40421120,438.44,439.0,425.3
2020-10-07,425.3,43127710,419.87,429.9,413.845
2020-10-06,413.98,49146260,423.79,428.7799,406.05
2020-10-05,425.68,44722790,423.35,433.64,419.33
2020-10-02,415.09,71430030,421.39,439.13,415.0
2020-10-01,448.16,50741450,440.76,448.88,434.42
2020-09-30,429.01,48145570,421.32,433.93,420.47
2020-09-29,419.07,50341400,416.0,428.5,411.6
2020-09-28,421.2,49719560,424.62,428.08,415.55
2020-09-25,407.34,67208460,393.47,408.7323,391.3
2020-09-24,387.79,96561060,363.8,399.5,351.3
2020-09-23,380.36,95074180,405.16,412.15,375.8801
2020-09-22,424.23,79580800,429.6,437.76,417.6001
2020-09-21,449.39,109476800,453.13,455.68,407.07
2020-09-18,442.15,86406820,447.94,451.0,428.8
2020-09-17,423.43,76779160,415.6,437.79,408.0001
2020-09-16,441.76,72546760,439.87,457.79,435.31
2020-09-15,449.76,97298230,436.56,461.94,430.7
2020-09-14,419.62,83020610,380.95,420.0,373.3
2020-09-11,372.72,60717460,381.94,382.5,360.5
2020-09-10,371.34,84930610,386.21,398.99,360.56
2020-09-09,366.28,79465770,356.6,369.0,341.51
2020-09-08,330.21,115465700,356.0,368.74,329.88
2020-09-04,418.32,110321900,402.81,428.0,372.0201
2020-09-03,407.0,87596090,407.23,431.8,402.0
2020-09-02,447.37,96176130,478.99,479.04,405.1206
2020-09-01,475.05,90119420,502.14,502.49,470.51
2020-08-31,498.32,118374400,444.61,500.14,440.11
2020-08-28,442.68,100405900,459.024,463.69800000000004,437.30400000000003
2020-08-27,447.75,118465200,436.092,459.12,428.5
2020-08-26,430.63,71196900,412.0,433.2,410.7258
2020-08-25,404.67,53294450,394.978,405.59,393.6
2020-08-24,402.84,100318100,425.255,425.8,385.504
2020-08-21,410.0,107447800,408.952,419.098,405.01
2020-08-20,400.37,103059000,372.13599999999997,404.398,371.412
2020-08-19,375.71,61026650,373.0,382.2,368.24199999999996
2020-08-18,377.42,82372450,379.798,384.78,369.022
2020-08-17,367.13,101211600,335.4,369.17199999999997,334.566
2020-08-14,330.14,62888050,332.99800000000005,333.76,325.328
2020-08-13,324.2,102126550,322.2,330.236,313.452
2020-08-12,310.95,109494150,294.0,317.0,287.0
2020-08-11,274.88,43129170,279.2,284.0,273.0
2020-08-10,283.71,37611320,289.6,291.5,277.168
2020-08-07,290.54,44482100,299.9074,299.95,283.002
2020-08-06,297.92,29961565,298.166,303.462,295.452
2020-08-05,297.0,24890075,298.598,299.9677,293.66200000000003
2020-08-04,297.4,42074950,299.002,305.482,292.4
2020-08-03,297.0,44046730,289.84,301.962,288.8769
2020-07-31,286.15,61234800,303.0,303.41,284.19599999999997
2020-07-30,297.5,38105195,297.6,302.64799999999997,294.2
2020-07-29,299.82,47134465,300.2,306.962,297.4
2020-07-28,295.3,79043500,300.8,312.94,294.884
2020-07-27,307.92,80243350,287.0,309.58799999999997,282.6001
2020-07-24,283.4,96983100,283.202,293.0,273.308
2020-07-23,302.61,121642500,335.79,337.8,296.154
2020-07-22,318.47,70805400,319.8,325.284,312.4
2020-07-21,313.67,80786400,327.986,335.0,311.6
2020-07-20,328.6,85606850,303.802,330.0,297.6
2020-07-17,300.17,46649860,302.69,307.502,298.0
2020-07-16,300.13,71503950,295.432,306.342,293.2
2020-07-15,309.2,81839150,308.6,310.0,291.4
2020-07-14,303.36,117090700,311.2,318.0,286.2
2020-07-13,299.41,194926800,331.8,358.99800000000005,294.222
2020-07-10,308.93,116687750,279.2,309.783,275.202
2020-07-09,278.86,58588000,279.39799999999997,281.712,270.256
2020-07-08,273.18,81556550,281.0,283.452,262.268
2020-07-07,277.97,107448300,281.002,285.9,267.342
2020-07-06,274.32,102849300,255.338,275.558,253.2088
2020-07-02,241.73,86250600,244.296,245.6,237.12
2020-07-01,223.93,66634500,216.6,227.06599999999997,216.1
2020-06-30,215.96,84592500,201.3,217.53799999999998,200.74599999999998
2020-06-29,201.87,45132020,193.80200000000002,202.0,189.704
2020-06-26,191.95,44274540,198.956,199.0,190.97400000000002
2020-06-25,197.2,46272745,190.854,197.196,187.43
2020-06-24,192.17,54797950,198.822,200.1769,190.6283
2020-06-23,200.36,31826355,199.77599999999998,202.4,198.80200000000002
2020-06-22,198.86,31811750,199.99,201.77599999999998,198.00400000000002
2020-06-19,200.18,43398745,202.55599999999998,203.19400000000002,198.268
2020-06-18,200.79,48759680,200.6,203.84,198.8942
2020-06-17,198.36,49454000,197.542,201.0,196.5142
2020-06-16,196.43,70255400,202.37,202.576,192.47799999999998
2020-06-15,198.18,78485900,183.558,199.768,181.7
2020-06-12,187.06,83816850,196.0,197.59599999999998,182.52
2020-06-11,194.57,79582400,198.04,203.792,194.4
2020-06-10,205.01,92817050,198.37599999999998,205.49599999999998,196.5
2020-06-09,188.13,56940750,188.002,190.888,184.7862
2020-06-08,189.98,70873650,183.8,190.0,181.832
2020-06-05,177.13,39059585,175.56799999999998,177.304,173.24
2020-06-04,172.88,44438565,177.976,179.15,171.688
2020-06-03,176.59,39747345,177.62400000000002,179.588,176.02
2020-06-02,176.31,67828000,178.94,181.732,174.2
2020-06-01,179.62,75426500,171.6,179.8,170.82
2020-05-29,167.0,59062450,161.75,167.0,160.842
2020-05-28,161.16,36378870,162.702,164.95,160.338
2020-05-27,164.05,57747650,164.172,165.542,157.0
2020-05-26,163.77,40448680,166.9,166.92,163.141
2020-05-22,163.38,49937375,164.4348,166.356,162.4
2020-05-21,165.52,61272900,163.2,166.5,159.2
2020-05-20,163.11,36546355,164.1,165.2,162.36
2020-05-19,161.6,48182610,163.034,164.41400000000002,161.216
2020-05-18,162.73,58490500,165.55599999999998,166.94400000000002,160.776
2020-05-15,159.83,52592150,158.07,161.0097,157.3104
2020-05-14,160.67,68410950,156.0,160.672,152.8
2020-05-13,158.19,95327450,164.166,165.2,152.66
2020-05-12,161.88,79534550,165.4,168.658,161.6
2020-05-11,162.26,82598000,158.102,164.8,157.0
2020-05-08,163.88,80650450,158.754,164.8,157.40200000000002
2020-05-07,156.01,57638450,155.442,159.28,154.47
2020-05-06,156.52,55616150,155.3,157.96,152.222
2020-05-05,153.64,84958300,157.958,159.784,152.436
2020-05-04,152.24,96185450,140.2,152.4,139.6
2020-05-01,140.26,162659050,151.0,154.554,136.608
2020-04-30,156.38,142359250,171.03799999999998,173.96400000000003,152.7
2020-04-29,160.1,81079900,158.034,160.64,156.632
2020-04-28,153.82,76109800,159.128,161.0,151.338
2020-04-27,159.75,103407200,147.52200000000002,159.898,147.0
2020-04-24,145.03,66188050,142.162,146.14600000000002,139.636
2020-04-23,141.13,66183500,145.52,146.8,140.626
2020-04-22,146.42,71124150,140.796,146.8,137.74200000000002
2020-04-21,137.34,101045450,146.024,150.666,134.75799999999998
2020-04-20,149.27,73731850,146.54,153.114,142.442
2020-04-17,150.78,65641150,154.45600000000002,154.99,149.532
2020-04-16,149.04,103289300,143.388,151.89,141.343
2020-04-15,145.97,117885000,148.4,150.626,142.0
2020-04-14,141.98,152882550,139.79399999999998,148.376,138.486
2020-04-13,130.19,112377100,118.03200000000001,130.4,116.10600000000001
2020-04-09,114.6,68250000,112.41799999999999,115.0364,111.42200000000001
2020-04-08,109.77,63280100,110.84,111.4416,106.666
2020-04-07,109.09,89598900,109.0,113.0,106.46799999999999
2020-04-06,103.25,74509200,102.24,104.2,99.59200000000001
2020-04-03,96.0,112810400,101.9,103.098,93.678
2020-04-02,90.89,99292150,96.206,98.852,89.28
2020-04-01,96.31,66765900,100.8,102.791,95.02
2020-03-31,104.8,88857450,100.25,108.59200000000001,99.4
2020-03-30,100.43,59990350,102.052,103.3294,98.24600000000001
2020-03-27,102.87,71887050,101.0,105.16,98.806
2020-03-26,105.63,87110400,109.478,112.0,102.45
2020-03-25,107.85,106113750,109.05,111.4,102.22200000000001
2020-03-24,101.0,114475850,95.46,102.738,94.8
2020-03-23,86.86,82272750,86.72,88.4,82.1
2020-03-20,85.51,141427500,87.64,95.4,85.15799999999999
2020-03-19,85.53,150977300,74.9394,90.4,71.692
2020-03-18,72.24,118930800,77.8,80.972,70.102
2020-03-17,86.04,119972900,88.00200000000001,94.37,79.2
2020-03-16,89.01,102447300,93.8999,98.97399999999999,88.434
2020-03-13,109.32,113201250,119.0,121.514,100.4
2020-03-12,112.11,94545250,116.178,118.9,109.25
2020-03-11,126.85,67067950,128.04,130.716,122.6
2020-03-10,129.07,77972200,131.886,133.6,121.6
2020-03-09,121.6,85368700,121.07799999999999,132.5996,121.0
2020-03-06,140.7,63314600,138.0008,141.4,136.85399999999998
2020-03-05,144.91,54263300,144.754,149.15,143.614
2020-03-04,149.9,75244900,152.7921,153.304,144.9469
2020-03-03,149.1,128920000,161.0,161.39600000000002,143.2221
2020-03-02,148.72,100974950,142.252,148.738,137.334
2020-02-28,133.6,122820850,125.94,138.10399999999998,122.304
2020-02-27,135.8,121385800,146.0,147.954,133.8
2020-02-26,155.76,70769200,156.5,162.662,155.222
2020-02-25,159.98,86452400,169.8,171.32,157.4
2020-02-24,166.76,75960800,167.8,172.7,164.44
2020-02-21,180.2,71697250,181.396,182.612,176.09
2020-02-20,179.88,88174450,182.39,182.4,171.988
2020-02-19,183.48,127114800,184.7,188.956,180.204
2020-02-18,171.68,83491850,168.32,172.0,166.472
2020-02-14,160.01,78468550,157.444,162.594,157.1
2020-02-13,160.8,131446750,148.368,163.6,147.0
2020-02-12,153.46,60112350,155.57399999999998,157.95,152.674
2020-02-11,154.88,58487350,153.75799999999998,156.7012,151.6
2020-02-10,154.26,123445800,160.0,163.998,150.48
2020-02-07,149.61,85317600,146.11,153.95,146.0
2020-02-06,149.79,199403750,139.984,159.166,137.4
2020-02-05,146.94,242119200,164.65200000000002,169.196,140.8221
2020-02-04,177.41,304693800,176.592,193.798,166.77599999999998
2020-02-03,156.0,236167500,134.738,157.22799999999998,134.704
2020-01-31,130.11,78596350,128.0,130.6,126.50399999999999
2020-01-30,128.16,145028400,126.484,130.17600000000002,123.6
2020-01-29,116.2,91083350,115.13799999999999,117.96,113.486
2020-01-28,113.38,58942450,113.698,115.36200000000001,111.616
2020-01-27,111.6,68040350,108.398,112.88799999999999,107.85600000000001
2020-01-24,112.96,71768000,114.126,114.772,110.852
2020-01-23,114.44,98255200,112.85,116.4,111.1205
2020-01-22,113.91,156845150,114.37799999999999,118.9,111.82
2020-01-21,109.44,89017350,106.05,109.71600000000001,105.682
2020-01-17,102.1,68145350,101.522,103.134,100.632
2020-01-16,102.7,108683250,98.75,102.89200000000001,98.434
2020-01-15,103.7,86844150,105.95200000000001,107.568,103.3571
2020-01-14,107.58,145306900,108.851,109.48200000000001,104.98
2020-01-13,104.97,133172750,98.7,105.126,98.4
2020-01-10,95.63,64884150,96.35799999999999,96.988,94.74
2020-01-09,96.27,142315950,99.42,99.76,94.574
2020-01-08,98.43,155996950,94.74,99.698,93.646
2020-01-07,93.81,91045700,92.28,94.32600000000001,90.671
2020-01-06,90.31,50787500,88.094,90.31200000000001,88.0
2020-01-03,88.6,88973500,88.1,90.8,87.384
2020-01-02,86.05,47791930,84.9,86.1391,84.34200000000001
2019-12-31,83.67,51462300,81.0,84.258,80.416
2019-12-30,82.94,63006350,85.758,85.8,81.8518
2019-12-27,86.08,49784135,87.0,87.06200000000001,85.22200000000001
2019-12-26,86.19,53241450,85.58200000000001,86.696,85.27
2019-12-24,85.05,40273600,83.67200000000001,85.094,82.5375
2019-12-23,83.84,66664100,82.35600000000001,84.402,82.0
2019-12-20,81.12,73926050,82.05799999999999,82.6,80.03699999999999
2019-12-19,80.81,90601550,79.464,81.37,79.3
2019-12-18,78.63,70681950,76.126,79.044,76.116
2019-12-17,75.8,42518875,75.798,77.1,75.18
2019-12-16,76.3,91104700,72.51,76.722,72.5
2019-12-13,71.68,32871405,72.21,73.042,70.928
2019-12-12,71.94,38881055,70.984,72.548,70.646
2019-12-11,70.54,34595810,70.3753,71.438,70.218
2019-12-10,69.77,44199755,67.992,70.146,67.862
2019-12-09,67.91,45201085,67.318,68.89,67.016
2019-12-06,67.18,38094685,67.0,67.77199999999999,66.954
2019-12-05,66.07,18684880,66.566,66.8845,65.45
2019-12-04,66.61,27681275,67.55,67.572,66.57
2019-12-03,67.24,33067380,66.524,67.582,66.4372
2019-12-02,66.97,30409930,65.88,67.2765,65.7374
2019-11-29,65.99,12328145,66.222,66.252,65.5
2019-11-27,66.26,27817295,66.22399999999999,66.786,65.714
2019-11-26,65.78,39781195,67.054,67.1,65.42
2019-11-25,67.27,61728850,68.86399999999999,68.914,66.892
2019-11-22,66.61,84353200,68.032,68.2,66.0
2019-11-21,70.97,30550065,70.902,72.168,70.8008
2019-11-20,70.44,33669825,72.0,72.24,69.914
2019-11-19,71.9,38680390,70.35,71.998,69.56
2019-11-18,70.0,22042525,70.5834,70.63,69.22
2019-11-15,70.43,24062815,70.128,70.56,69.672
2019-11-14,69.87,32358515,69.222,70.768,68.582
2019-11-13,69.22,42339315,71.0,71.266,69.036
2019-11-12,69.99,36796915,69.38,70.074,68.808
2019-11-11,69.02,49968445,68.79,69.83800000000001,68.4
2019-11-08,67.43,30371105,66.9,67.492,66.5
2019-11-07,67.11,72336750,65.828,68.3,65.604
2019-11-06,65.32,39704660,63.6,65.344,62.9
2019-11-05,63.44,34717085,63.924,64.702,63.2236
2019-11-04,63.49,43935200,62.96,64.388,61.852
2019-11-01,62.66,31919645,63.263999999999996,63.29600000000001,61.96
2019-10-31,62.98,25334780,62.62,63.8,62.6
2019-10-30,63.0,48209050,62.6,63.758,61.994
2019-10-29,63.24,63421350,63.998000000000005,64.86,62.95
2019-10-28,65.54,94351450,65.508,68.168,64.52
2019-10-25,65.63,150030450,59.544,66.0,59.222
2019-10-24,59.94,149096150,59.674,60.986000000000004,57.84
2019-10-23,50.94,56080900,50.9,51.228,50.27
2019-10-22,51.12,23125475,50.864,51.666000000000004,50.17
2019-10-21,50.7,25540505,51.666000000000004,51.9,50.036
2019-10-18,51.39,28768330,52.14,52.56,51.02
2019-10-17,52.39,23895215,52.5,52.956,52.034
2019-10-16,51.95,33521515,51.478,52.42,51.38399999999999
2019-10-15,51.58,32397280,51.54,52.0,50.824
2019-10-14,51.39,51134300,49.58,51.71,49.426
2019-10-11,49.58,42440795,49.43,50.216,49.361999999999995
2019-10-10,48.95,31567085,49.056000000000004,49.856,48.316
2019-10-09,48.91,34675165,48.263999999999996,49.458999999999996,48.13
2019-10-08,48.01,43511690,47.174,48.788000000000004,46.9
2019-10-07,47.54,40434785,45.96,47.711999999999996,45.71
2019-10-04,46.29,40105900,46.321999999999996,46.956,45.614
2019-10-03,46.61,75688800,46.372,46.896,44.856
2019-10-02,48.63,31282740,48.658,48.93,47.886
2019-10-01,48.94,30981450,48.3,49.19,47.826
2019-09-30,48.17,29730805,48.6,48.79600000000001,47.2222
2019-09-27,48.43,55615900,48.44,49.742,47.746
2019-09-26,48.51,60393950,46.132,48.662,45.48
2019-09-25,45.74,47221430,44.912,45.79600000000001,43.672
2019-09-24,44.64,64705550,48.303999999999995,48.398,44.522
2019-09-23,48.25,21958150,48.0,49.0359,47.843999999999994
2019-09-20,48.12,32531320,49.298,49.3892,47.632
2019-09-19,49.32,24415675,49.2,49.588,48.968
2019-09-18,48.7,21140515,49.0,49.6337,48.474
2019-09-17,48.96,19734545,48.494,49.12,48.074
2019-09-16,48.56,23640480,49.2,49.486000000000004,48.233999999999995
2019-09-13,49.04,26565725,49.391999999999996,49.69,48.973
2019-09-12,49.17,42906050,49.54,50.7,48.88
2019-09-11,49.42,50213900,47.476000000000006,49.6348,47.2
2019-09-10,47.11,24418570,46.16,47.108000000000004,45.788000000000004
2019-09-09,46.36,24013345,46.0,46.751999999999995,45.846000000000004
2019-09-06,45.49,20946860,45.44,45.928000000000004,45.034
2019-09-05,45.92,37016610,44.5,45.96,44.17
2019-09-04,44.14,28843480,45.378,45.692,43.841
2019-09-03,45.0,26802730,44.816,45.79,44.632
2019-08-30,45.12,46638875,45.83,46.488,44.8426
2019-08-29,44.34,25915520,43.8,44.68,43.6
2019-08-28,43.12,16193125,42.738,43.45,42.461999999999996
2019-08-27,42.82,27103635,43.148,43.76,42.406000000000006
2019-08-26,43.0,25272070,42.72,43.004,42.308
2019-08-23,42.28,42798520,43.994,44.233999999999995,42.2
2019-08-22,44.43,32824820,44.56,45.08,43.644
2019-08-21,44.17,38998720,44.402,44.644,43.52
2019-08-20,45.17,20852635,45.523999999999994,45.818000000000005,44.908
2019-08-19,45.37,26558740,44.842,45.566,44.34
2019-08-16,43.99,26036880,43.332,44.448,43.20399999999999
2019-08-15,43.13,41159760,44.172,44.312,42.31
2019-08-14,43.92,47812955,46.242,46.3,43.338
2019-08-13,47.0,24344990,45.762,47.2,45.51
2019-08-12,45.8,23319685,46.598,47.153999999999996,45.75
2019-08-09,47.0,19491220,47.2108,47.792,46.762
2019-08-08,47.66,26371745,46.89,47.96,46.53
2019-08-07,46.68,23882500,45.3,46.7138,45.16
2019-08-06,46.15,27821000,46.376000000000005,46.5,45.15
2019-08-05,45.66,35141395,45.92,46.2735,45.155
2019-08-02,46.87,30682405,46.27,47.254,45.846000000000004
2019-08-01,46.77,41297580,48.53,48.902,46.354
2019-07-31,48.32,45891040,48.6,49.336000000000006,47.33
2019-07-30,48.45,40545070,46.58,48.672,46.43600000000001
2019-07-29,47.15,46366655,45.418,47.188,45.2065
2019-07-26,45.61,50138500,45.38399999999999,46.052,44.45
2019-07-25,45.76,112091250,46.7,46.9,45.11
2019-07-24,52.98,55364200,51.833999999999996,53.214,51.632
2019-07-23,52.03,25115605,51.342,52.096000000000004,50.9
2019-07-22,51.14,34231365,51.75,52.431000000000004,50.8382
2019-07-19,51.64,35242050,51.138000000000005,51.992,50.924
2019-07-18,50.71,23822415,51.01,51.15,50.376999999999995
2019-07-17,50.97,48823635,51.13399999999999,51.662,50.67
2019-07-16,50.48,40744945,49.86,50.706,49.5865
2019-07-15,50.7,55000450,49.6,50.88399999999999,48.972
2019-07-12,49.02,46002605,47.95,49.076,47.942
2019-07-11,47.72,37572150,47.628,48.3,47.16
2019-07-10,47.78,45728680,46.83,47.788000000000004,46.628
2019-07-09,46.01,30954175,45.794,46.2,45.456
2019-07-08,46.07,29402710,46.248000000000005,46.45,45.732
2019-07-05,46.62,35328690,46.913999999999994,47.09,46.16
2019-07-03,46.98,71005750,47.878,48.31399999999999,46.902
2019-07-02,44.91,46295135,45.778,45.83,44.443999999999996
2019-07-01,45.43,41189820,46.042,46.6199,45.256
2019-06-28,44.69,34256920,44.198,45.034,44.16
2019-06-27,44.57,31698550,43.89,44.58,43.47
2019-06-26,43.85,42536040,44.062,45.446000000000005,43.62
2019-06-25,43.95,30910355,44.878,45.068000000000005,43.898
2019-06-24,44.73,28753855,44.648,45.172,44.20399999999999
2019-06-21,44.37,41010390,43.244,44.43600000000001,43.1
2019-06-20,43.92,59317300,44.6,45.38,43.27
2019-06-19,45.29,32875675,45.022,45.553999999999995,44.211999999999996
2019-06-18,44.95,63578950,45.744,46.948,44.512
2019-06-17,45.01,61584000,43.096000000000004,45.4,42.854
2019-06-14,42.98,37167010,42.25,43.33,42.08
2019-06-13,42.78,40841300,42.076,42.98,41.5021
2019-06-12,41.85,75987700,44.59,44.676,41.8
2019-06-11,43.42,58267700,43.8288,44.18,42.7
2019-06-10,42.58,52925200,42.05,43.388000000000005,41.802
2019-06-07,40.9,80017650,41.0,42.1688,40.6998
2019-06-06,41.19,101210750,40.888000000000005,42.2,40.36
2019-06-05,39.32,67553800,39.736,40.2556,38.3697
2019-06-04,38.72,69037600,36.22,38.796,35.922
2019-06-03,35.79,65322050,37.102,37.336,35.3984
2019-05-31,37.03,52033650,37.02,37.9841,36.82
2019-05-30,37.64,39632375,37.75,38.451,37.404
2019-05-29,37.97,59843200,37.42,38.478,37.008
2019-05-28,37.74,51564500,38.24,39.0,37.57
2019-05-24,38.13,70682850,39.966,39.996,37.7501
2019-05-23,39.1,132735700,38.868,39.893,37.244
2019-05-22,38.55,93425950,39.82,40.788000000000004,38.356
2019-05-21,41.02,90019500,39.552,41.48,39.208
2019-05-20,41.07,102631000,40.56,41.2,39.05
2019-05-17,42.21,88933350,44.391999999999996,44.448,41.784
2019-05-16,45.67,37416365,45.898,46.2,45.3
2019-05-15,46.39,36479880,45.864,46.488,45.05
2019-05-14,46.46,36262060,45.86,46.9,45.6
2019-05-13,45.4,54174000,46.402,46.494,44.9
2019-05-10,47.9,35041680,47.95,48.398,47.20399999999999
2019-05-09,48.4,33556910,48.4,48.736000000000004,47.3887
2019-05-08,48.97,30882200,49.388000000000005,50.1198,48.84
2019-05-07,49.41,50657050,51.36,51.442,49.02
2019-05-06,51.07,54169700,50.004,51.67,49.7
2019-05-03,51.01,118533850,48.772,51.321999999999996,48.698
2019-05-02,48.82,90796700,49.104,49.426,47.544
2019-05-01,46.8,53521750,47.77,48.0,46.3
2019-04-30,47.74,47234825,48.412,48.842,47.4
2019-04-29,48.29,83433100,47.172,48.79600000000001,46.434
2019-04-26,47.03,110755800,49.3,49.336000000000006,46.226000000000006
2019-04-25,49.53,109116900,51.0,51.8,49.214
2019-04-24,51.73,48285305,52.77,53.06399999999999,51.6
2019-04-23,52.78,54546750,52.03,53.12,51.15
2019-04-22,52.55,60508450,53.8,53.93600000000001,52.496
2019-04-18,54.65,29307390,54.246,54.968,53.95
2019-04-17,54.25,25590055,54.95,54.958,53.707
2019-04-16,54.67,36332520,53.15,55.0,52.943999999999996
2019-04-15,53.28,50162450,53.726000000000006,53.776,51.726000000000006
2019-04-12,53.54,33676930,54.044,54.39,53.36600000000001
2019-04-11,53.68,48906470,53.66,54.1,53.12
2019-04-10,55.21,35225170,55.348,55.676,54.5785
2019-04-09,54.46,29466235,54.33,55.0,53.922
2019-04-08,54.64,51823000,55.538000000000004,56.232,54.088
2019-04-05,54.99,65113700,53.972,55.22,53.222
2019-04-04,53.56,118400850,52.378,54.24,52.118
2019-04-03,58.36,39583250,57.464,59.233999999999995,57.434
2019-04-02,57.18,27135920,57.66,57.888000000000005,56.776
2019-04-01,57.84,40465670,56.523999999999994,57.84,56.2562
2019-03-29,55.97,29901775,55.74,56.032,54.9
2019-03-28,55.72,33824605,55.431999999999995,56.066,55.02
2019-03-27,54.97,43761920,53.75,55.074,53.6368
2019-03-26,53.55,36709340,52.888000000000005,54.052,52.886
2019-03-25,52.08,51025400,51.942,52.636,50.891999999999996
2019-03-22,52.91,43609750,54.516000000000005,54.56,52.8
2019-03-21,54.8,29654625,54.52,55.29,53.69
2019-03-20,54.72,34409880,53.938,54.994,53.26
2019-03-19,53.49,58871650,53.5,54.66,52.692
2019-03-18,53.9,51324800,55.2,55.61,53.46
2019-03-15,55.09,73786800,56.702,56.7449,54.88
2019-03-14,57.99,35240690,58.49,59.078,57.658
2019-03-13,57.79,34089270,56.78,58.398,56.54
2019-03-12,56.67,37440185,57.298,57.614,56.211999999999996
2019-03-11,58.18,36861490,56.70399999999999,58.256,56.1
2019-03-08,56.83,44028860,55.382,57.118,55.178000000000004
2019-03-07,55.32,47053485,55.768,56.94,54.85
2019-03-06,55.25,51596850,55.29600000000001,56.3012,54.878
2019-03-05,55.31,93649000,56.4,56.8,54.02
2019-03-04,57.07,85344450,59.623999999999995,59.8,56.556000000000004
2019-03-01,58.96,114243750,61.388000000000005,61.426,58.38
2019-02-28,63.98,48331120,63.784,64.0,62.162
2019-02-27,62.95,55720500,60.356,63.25899999999999,60.11
2019-02-26,59.57,42858045,58.443999999999996,60.402,57.754
2019-02-25,59.75,31068505,59.582,60.5809,59.4001
2019-02-22,58.94,28656900,58.898,59.3,58.42
2019-02-21,58.25,44404150,60.361999999999995,60.648,58.1
2019-02-20,60.51,35664845,60.882,61.26,59.8
2019-02-19,61.13,20602600,61.312,62.3088,61.093999999999994
2019-02-15,61.58,19479075,60.9,61.6,60.78
2019-02-14,60.75,25954435,60.676,61.354,60.2
2019-02-13,61.63,25651990,62.47,62.55,61.114
2019-02-12,62.36,27427095,63.24,63.638000000000005,61.924
2019-02-11,62.57,35570060,62.32,63.72,62.1
2019-02-08,61.16,29175390,61.36600000000001,61.489,59.7
2019-02-07,61.5,32559150,62.66,62.94,60.6
2019-02-06,63.44,25156840,63.918,64.848,63.1248
2019-02-05,64.27,33673695,62.498000000000005,64.488,62.4499
2019-02-04,62.58,36720380,62.596000000000004,63.06,60.376000000000005
2019-02-01,62.44,36318090,61.083999999999996,63.22,60.7
2019-01-31,61.4,62725950,60.2,62.3127,58.8
2019-01-30,61.75,52970200,60.09,61.8,59.698
2019-01-29,59.49,23014665,59.053999999999995,59.7113,58.36
2019-01-28,59.28,32047385,58.582,59.492,57.55
2019-01-25,59.41,35513905,58.878,59.7039,57.91
2019-01-24,58.3,39954555,56.606,58.736000000000004,55.8566
2019-01-23,57.52,62565400,58.5,58.9,56.338
2019-01-22,59.78,60260650,60.964,61.6,59.1
2019-01-18,60.45,120396300,64.6,65.4259,59.946000000000005
2019-01-17,69.46,18305810,69.242,70.3,68.83
2019-01-16,69.21,23386135,68.956,70.4,68.7
2019-01-15,68.89,30239450,67.0,69.76,66.9
2019-01-14,66.88,26163450,68.476,68.5,66.8
2019-01-11,69.45,25175390,68.418,69.682,67.75399999999999
2019-01-10,68.99,30248105,66.88,69.078,66.358
2019-01-09,67.71,27133090,67.1,68.7005,66.294
2019-01-08,67.07,34972135,68.392,68.80199999999999,65.404
2019-01-07,66.99,37711690,64.344,67.348,63.5502
2019-01-04,63.54,36913775,61.2,63.6,60.54600000000001
2019-01-03,60.07,34742885,61.4,61.88,59.476000000000006
2019-01-02,62.02,58056350,61.22,63.026,59.76
2018-12-31,66.56,31471490,67.558,67.842,65.05199999999999
2018-12-28,66.77,49593885,64.62,67.248,63.681999999999995
2018-12-27,63.23,42836925,63.968,64.4343,60.3
2018-12-26,65.22,40715510,60.0,65.39399999999999,58.818000000000005
2018-12-24,59.08,27799565,62.7,62.9,59.038999999999994
2018-12-21,63.95,39986095,63.48,64.694,62.488
2018-12-20,63.08,45246945,65.4108,66.058,62.3738
2018-12-19,66.59,41281870,67.52,69.402,65.94800000000001
2018-12-18,67.41,35424435,70.108,70.31,66.738
2018-12-17,69.68,38324160,72.4,73.14,68.77600000000001
2018-12-14,73.14,31638125,75.0,75.574,72.866
2018-12-13,75.36,36740840,74.03,75.488,73.35
2018-12-12,73.32,25098625,73.884,74.382,73.032
2018-12-11,73.35,31492360,73.982,74.4338,72.046
2018-12-10,73.03,32876705,72.0,73.196,70.624
2018-12-07,71.59,57421750,73.8,75.898,71.53
2018-12-06,72.61,39143445,71.202,73.476,70.152
2018-12-04,71.94,42151065,71.21,73.736,70.4
2018-12-03,71.7,41479215,72.0,73.2,70.4
2018-11-30,70.1,28105520,68.366,70.32,67.653
2018-11-29,68.23,15380130,69.4,69.5,67.91
2018-11-28,69.57,20570190,69.19800000000001,69.656,68.442
2018-11-27,68.78,31735020,68.01,69.392,67.1
2018-11-26,69.2,39865595,65.0,69.244,65.0
2018-11-23,65.17,21013210,66.869,67.5,65.11
2018-11-21,67.64,23386945,70.4,70.62,67.4799
2018-11-20,69.5,39956265,68.35,69.96,66.71
2018-11-19,70.69,48492795,71.268,73.35,70.57600000000001
2018-11-16,70.86,35972290,69.038,71.14,69.024
2018-11-15,69.69,23000650,68.46600000000001,69.71600000000001,67.808
2018-11-14,68.8,25160415,68.54,69.422,67.43
2018-11-13,67.75,27113780,66.632,68.94,66.44
2018-11-12,66.26,34584825,69.67399999999999,69.956,66.068
2018-11-09,70.1,25467280,69.8,70.8,69.046
2018-11-08,70.28,35401015,69.7,71.5151,69.688
2018-11-07,69.63,36833530,68.668,70.236,68.16
2018-11-06,68.21,33759650,67.814,69.76,67.218
2018-11-05,68.28,39104225,68.1,68.791,66.028
2018-11-02,69.28,38999600,68.748,69.84,68.182
2018-11-01,68.86,39904730,67.652,69.568,66.945
2018-10-31,67.46,38004200,66.508,68.4,65.82
2018-10-30,65.98,45545600,65.678,67.58,64.452
2018-10-29,66.97,72275750,67.494,69.432,65.3
2018-10-26,66.18,136901100,61.65,67.98,61.33
2018-10-25,62.97,103858350,63.443999999999996,64.2,60.202
2018-10-24,57.7,96752250,60.21,60.888000000000005,57.146
2018-10-23,58.83,94781050,52.773999999999994,59.586000000000006,52.42
2018-10-22,52.19,27974275,52.136,52.372,50.518
2018-10-19,52.0,46723820,53.478,53.931999999999995,50.7
2018-10-18,52.78,27009355,53.858000000000004,54.2,52.6
2018-10-17,54.36,43184745,56.48,56.54,53.1606
2018-10-16,55.32,47505600,53.14,55.475,52.448
2018-10-15,51.92,30945130,51.812,52.656000000000006,50.9073
2018-10-12,51.76,35946285,52.2,52.398,50.402
2018-10-11,50.45,40640920,51.506,52.45,49.806000000000004
2018-10-10,51.38,63907800,52.922,53.102,49.553999999999995
2018-10-09,52.56,60188900,51.05,53.354,50.66
2018-10-08,50.11,66855900,52.903999999999996,53.552,49.8
2018-10-05,52.39,89503550,54.93,54.976000000000006,52.0
2018-10-04,56.37,48194425,58.79,58.8,55.534
2018-10-03,58.96,39911360,60.666000000000004,60.92,58.31399999999999
2018-10-02,60.2,58498450,62.79,63.368,59.83
2018-10-01,62.14,108571050,61.153999999999996,62.288000000000004,60.21
2018-09-28,52.95,167986450,54.052,55.6,52.111000000000004
2018-09-27,61.5,36688800,62.58,62.992,61.382
2018-09-26,61.92,39179315,60.382,62.778,60.2219
2018-09-25,60.2,22361435,60.0,60.92,59.3
2018-09-24,59.94,24171920,59.696000000000005,60.5999,58.716
2018-09-21,59.82,25192485,59.54,60.11600000000001,59.074
2018-09-20,59.67,36662385,60.711999999999996,61.196000000000005,58.666000000000004
2018-09-19,59.8,41321765,56.102,60.0,56.1
2018-09-18,56.99,82471400,59.338,60.528,55.1
2018-09-17,58.97,34331040,58.008,60.174,57.626000000000005
2018-09-14,59.04,33788260,57.751999999999995,59.4651,57.303999999999995
2018-09-13,57.89,31666405,57.604,59.0,57.036
2018-09-12,58.11,50010750,56.288000000000004,58.5,55.7293
2018-09-11,55.89,45805305,55.894,56.4,54.71
2018-09-10,57.1,71161250,54.652,57.206,54.2
2018-09-07,52.65,112211550,52.02,53.67,50.451
2018-09-06,56.19,37363780,56.96,58.233999999999995,55.776
2018-09-05,56.15,38536710,57.01,57.356,55.43600000000001
2018-09-04,57.79,41522855,59.388000000000005,59.638000000000005,57.6
2018-08-31,60.33,26835240,60.4,61.0616,59.72
2018-08-30,60.63,36053125,60.452,60.92,59.544
2018-08-29,61.0,37052690,62.053999999999995,62.37,60.738
2018-08-28,62.37,38197265,63.681999999999995,63.776,62.238
2018-08-27,63.85,65313250,63.6,64.487,61.762
2018-08-24,64.56,17963670,64.14,64.77,63.88
2018-08-23,64.02,25693425,63.828,65.464,63.62
2018-08-22,64.33,29679265,64.17399999999999,64.77600000000001,62.934
2018-08-21,64.38,65738850,62.122,64.958,61.8
2018-08-20,61.69,86902150,58.3408,61.7,57.64
2018-08-17,61.1,94479400,64.7,65.354,60.706
2018-08-16,67.09,30226960,67.982,68.456,66.764
2018-08-15,67.74,45365165,68.3812,68.898,66.428
2018-08-14,69.53,34742555,71.69,71.8399,69.42
2018-08-13,71.28,52224600,72.226,72.638,69.804
2018-08-10,71.1,57652550,70.8,72.0,69.2
2018-08-09,70.49,84759000,73.11,73.402,69.146
2018-08-08,74.07,122677100,73.818,76.528,73.42399999999999
2018-08-07,75.91,152982000,68.768,77.492,67.83
2018-08-06,68.4,42683830,69.092,70.99600000000001,68.36399999999999
2018-08-03,69.63,68233200,69.562,71.0,68.506
2018-08-02,69.91,115795800,65.688,69.998,64.632
2018-08-01,60.17,43840495,59.598,60.6,58.6
2018-07-31,59.63,25275470,58.45,59.663999999999994,57.81399999999999
2018-07-30,58.03,33997905,59.18,59.22,57.226000000000006
2018-07-27,59.44,28473450,61.45,61.5387,59.0681
2018-07-26,61.33,23097835,60.97,62.14,60.7282
2018-07-25,61.75,35156910,59.348,61.924,58.9005
2018-07-24,59.49,47930930,60.8842,61.5434,58.50899999999999
2018-07-23,60.64,54874100,60.368,61.1,58.571999999999996
2018-07-20,62.72,25799155,64.24600000000001,64.648,62.3419
2018-07-19,64.05,29535580,63.266000000000005,64.708,62.802
2018-07-18,64.77,28050425,65.0,65.1,63.25
2018-07-17,64.54,34938910,61.762,64.94800000000001,61.7
2018-07-16,62.02,39002270,62.342,63.032,61.25
2018-07-13,63.77,29333880,63.11600000000001,63.917,61.85
2018-07-12,63.34,28559255,64.286,64.646,62.553999999999995
2018-07-11,63.79,24392975,63.16,64.388,63.013999999999996
2018-07-10,64.49,47187785,64.91199999999999,65.5354,63.84
2018-07-09,63.7,37897705,62.398,63.70399999999999,61.6
2018-07-06,61.78,44300990,60.99100000000001,62.413999999999994,60.4
2018-07-05,61.83,87287850,62.751999999999995,62.878,59.244
2018-07-03,62.17,61413200,66.35,66.498,61.938
2018-07-02,67.01,93663550,72.014,72.956,65.97
2018-06-29,68.59,32379515,70.666,70.77199999999999,68.482
2018-06-28,69.99,41940860,69.732,71.404,69.222
2018-06-27,68.9,41569085,69.0,70.158,67.9
2018-06-26,68.4,37173745,67.2108,68.71,65.1598
2018-06-25,66.6,34625445,66.024,67.694,65.5
2018-06-22,66.73,51268850,70.308,70.45,66.4
2018-06-21,69.5,39749230,72.4,73.2428,69.25399999999999
2018-06-20,72.44,41851340,71.608,72.876,70.4
2018-06-19,70.51,63674200,73.032,74.0,69.25
2018-06-18,74.17,60127250,71.08,74.74600000000001,70.9
2018-06-15,71.63,54137800,70.768,72.934,70.25
2018-06-14,71.54,54805750,69.52600000000001,71.75,69.32
2018-06-13,68.96,47007335,69.3412,69.44,67.96
2018-06-12,68.55,111282150,68.94,70.994,67.6
2018-06-11,66.42,65830250,64.502,66.932,64.5
2018-06-08,63.53,40960875,63.8,64.896,63.43
2018-06-07,63.22,71680550,63.23,66.0,62.716
2018-06-06,63.9,93712000,60.1,64.434,59.496
2018-06-05,58.23,29389365,59.54,59.56,57.348
2018-06-04,59.35,23968935,58.868,59.8,58.7096
2018-06-01,58.36,27089920,57.172,58.39,56.7678
2018-05-31,56.95,29564125,57.442,58.074,56.586000000000006
2018-05-30,58.34,37367950,56.658,59.001000000000005,56.32
2018-05-29,56.75,28285765,55.702,57.3,55.23
2018-05-25,55.77,19363105,55.525,55.928000000000004,55.122
2018-05-24,55.57,20853945,55.68,56.222,54.978
2018-05-23,55.81,29861185,55.552,55.982,54.8
2018-05-22,55.0,44692505,57.5524,57.6,54.6844
2018-05-21,56.9,45839220,56.266000000000005,58.298,56.26
2018-05-18,55.36,36218495,56.93,56.93,54.8
2018-05-17,56.91,22091290,57.18,57.8375,56.794
2018-05-16,57.3,28348220,56.766000000000005,57.762,56.312
2018-05-15,56.84,47548765,57.001999999999995,57.391999999999996,56.1
2018-05-14,58.39,36327505,60.663999999999994,60.988,58.324
2018-05-11,60.21,23326605,61.54,61.776,59.816
2018-05-10,61.0,28213855,61.4999,62.598,60.8224
2018-05-09,61.37,28561275,60.082,61.402,60.01
2018-05-08,60.39,29637235,60.159,61.55,59.8
2018-05-07,60.55,43365450,59.5,61.1918,59.034
2018-05-04,58.82,42827530,56.6,59.372,55.903999999999996
2018-05-03,56.89,86695450,55.758,57.608000000000004,55.04600000000001
2018-05-02,60.23,41730880,59.714,61.37,59.5569
2018-05-01,59.98,23074730,58.702,60.163999999999994,58.644
2018-04-30,58.78,21120340,58.722,59.746,58.5
2018-04-27,58.82,21734270,57.074,58.894,56.766000000000005
2018-04-26,57.1,21740540,55.75,57.158,55.3
2018-04-25,56.14,20002105,56.7,57.032,55.45
2018-04-24,56.69,28391210,57.0,57.418,55.692
2018-04-23,56.67,24403715,58.258,58.324,56.466
2018-04-20,58.05,28113150,59.034,59.996,57.95
2018-04-19,60.02,30419000,58.216,60.202,57.71
2018-04-18,58.67,32657815,58.216,60.048,57.632
2018-04-17,57.54,34655760,57.773999999999994,58.434,56.501999999999995
2018-04-16,58.24,31447485,59.8,59.931999999999995,57.802
2018-04-13,60.07,36596125,60.72,60.79,59.196000000000005
2018-04-12,58.82,37977625,60.464,60.79,58.736000000000004
2018-04-11,60.19,37351020,60.148,61.79600000000001,59.931999999999995
2018-04-10,60.94,55085050,59.794,61.42,58.736000000000004
2018-04-09,57.93,51207050,60.074,61.9,57.842
2018-04-06,59.86,67582650,60.2,61.856,59.1
2018-04-05,61.14,95129300,57.868,61.251999999999995,57.64
2018-04-04,57.39,99400900,50.556000000000004,57.674,50.4
2018-04-03,53.51,94148250,53.964,54.67,50.898
2018-04-02,50.5,80466450,51.251999999999995,52.0664,48.918
2018-03-29,53.23,75072200,51.298,54.192,49.641999999999996
2018-03-28,51.56,104811400,52.916000000000004,53.736000000000004,50.42
2018-03-27,55.84,68935300,60.8,60.854,55.43600000000001
2018-03-26,60.84,41824685,61.468,61.518,58.272
2018-03-23,60.31,33199800,62.25,62.321999999999996,60.09
2018-03-22,61.82,24624640,62.778,63.763999999999996,61.636
2018-03-21,63.31,29771235,62.05,64.488,62.038000000000004
2018-03-20,62.11,23805155,62.974,63.25,61.751999999999995
2018-03-19,62.71,37339450,63.3,64.15,61.934
2018-03-16,64.27,30566825,65.192,65.48,63.81399999999999
2018-03-15,65.12,32772840,65.876,66.57,64.22
2018-03-14,65.33,39760760,67.352,67.962,64.786
2018-03-13,68.37,29803180,68.984,69.024,67.2527
2018-03-12,69.1,41264595,65.722,69.442,65.3
2018-03-09,65.43,27513895,64.82,65.69800000000001,64.47399999999999
2018-03-08,65.82,17571835,66.572,66.66,65.2548
2018-03-07,66.46,25009700,65.08800000000001,66.5,64.348
2018-03-06,65.64,21182415,66.75,67.274,65.406
2018-03-05,66.67,19103510,66.47800000000001,67.55,65.8586
2018-03-02,67.02,25443945,65.396,67.044,64.594
2018-03-01,66.19,34362760,69.002,69.734,66.014
2018-02-28,68.61,30330220,70.514,71.048,68.444
2018-02-27,70.2,23925110,71.25,71.998,70.002
2018-02-26,71.48,21672500,70.7,71.8,70.471
2018-02-23,70.41,29070885,69.566,70.998,69.42
2018-02-22,69.23,34809400,67.10600000000001,69.488,66.95
2018-02-21,66.66,16036250,67.206,67.9386,66.634
2018-02-20,66.95,20029810,66.89399999999999,68.168,66.3
2018-02-16,67.1,28200920,66.5,68.624,66.328
2018-02-15,66.81,29549115,64.9,66.824,64.48
2018-02-14,64.46,19740385,64.168,65.234,63.70399999999999
2018-02-13,64.73,22773155,63.004,64.83800000000001,62.5021
2018-02-12,63.15,31122395,63.226000000000006,63.61600000000001,61.25
2018-02-09,62.08,64622150,63.986000000000004,64.1969,58.952
2018-02-08,63.05,51482100,68.66199999999999,69.72399999999999,62.92
2018-02-07,69.0,33648410,67.798,69.2,67.132
2018-02-06,66.79,25400160,65.042,67.244,64.7
2018-02-05,66.63,22205830,67.594,68.89399999999999,66.6
2018-02-02,68.75,18480785,69.688,70.39,68.102
2018-02-01,69.85,20937200,70.2,71.932,69.726
2018-01-31,70.86,30996865,69.502,71.238,69.038
2018-01-30,69.16,23553420,69.028,69.654,68.434
2018-01-29,69.91,23691040,67.97,70.17,67.656
2018-01-26,68.57,22677285,68.3,68.8,67.142
2018-01-25,67.53,33626040,69.654,69.84,67.28
2018-01-24,69.18,26386930,70.916,70.95,68.704
2018-01-23,70.56,27238110,72.0,72.1,70.2
2018-01-22,70.31,30998885,69.88,71.566,69.84
2018-01-19,70.0,24355905,69.0,70.118,68.52
2018-01-18,68.91,28398145,69.134,70.46,68.748
2018-01-17,69.43,35462770,68.094,69.8,67.95
2018-01-16,68.01,32146170,67.508,69.0,66.96
2018-01-12,67.24,24112545,67.726,68.082,66.734
2018-01-11,67.59,33204315,67.048,68.962,66.652
2018-01-10,66.96,21515265,66.44,67.4,66.0
2018-01-09,66.74,35672625,67.032,67.76,65.48100000000001
2018-01-08,67.28,49163050,63.2,67.404,63.1
2018-01-05,63.32,22943640,63.324,63.448,62.4
2018-01-04,62.92,49722965,62.574,63.71,61.136
2018-01-03,63.45,22192600,64.2,65.05,63.11
2018-01-02,64.11,21728075,62.4,64.422,62.2
2017-12-29,62.27,18847520,63.236000000000004,63.282,62.0
2017-12-28,63.07,21533730,62.35,63.163999999999994,61.908
2017-12-27,62.33,23525420,63.2,63.536,62.15
2017-12-26,63.46,21843495,64.766,64.788,63.316
2017-12-22,65.04,21038010,65.902,66.1843,64.964
2017-12-21,66.33,21849970,65.918,66.748,65.442
2017-12-20,65.8,29536890,66.538,66.62,65.008
2017-12-19,66.22,34104340,68.05199999999999,68.2985,66.06
2017-12-18,67.77,27332730,68.98,69.346,67.516
2017-12-15,68.69,34606230,68.408,68.78,67.152
2017-12-14,67.58,28960120,68.202,69.488,67.38
2017-12-13,67.81,31088505,68.186,68.844,67.3
2017-12-12,68.21,43577850,66.09,68.288,66.006
2017-12-11,65.78,39630450,62.926,65.80199999999999,62.75
2017-12-08,63.03,17330440,62.92,63.396,62.251999999999995
2017-12-07,62.25,23897950,62.4,63.7268,62.21
2017-12-06,62.65,35922385,60.02,62.678000000000004,60.0
2017-12-05,60.74,23218540,60.4,61.6,60.2
2017-12-04,61.04,29171135,61.3,61.653,60.122
2017-12-01,61.31,21430410,61.088,62.06399999999999,61.01
2017-11-30,61.77,21727170,61.711999999999996,62.14,60.908
2017-11-29,61.51,43787315,63.46,63.6,60.246
2017-11-28,63.51,24708515,63.272,64.0,62.784
2017-11-27,63.36,22688895,62.65,63.468,61.902
2017-11-24,63.11,16220325,62.758,63.282,62.2
2017-11-22,62.52,24566415,63.354,63.483999999999995,62.368
2017-11-21,63.56,36281905,62.172,63.646,61.742
2017-11-20,61.75,41209105,62.758,63.1,60.95
2017-11-17,63.01,68604150,65.134,65.334,62.63
2017-11-16,62.5,28972045,62.798,63.628,62.26
2017-11-15,62.26,29759175,61.202,62.498000000000005,60.3
2017-11-14,61.74,28309520,63.0,63.27,61.38
2017-11-13,63.08,37826210,60.026,63.36,59.821999999999996
2017-11-10,60.6,23105400,60.5,61.672,60.37
2017-11-09,60.6,27200865,60.5,60.891999999999996,59.26
2017-11-08,60.88,23626775,61.1,61.378,60.26
2017-11-07,61.21,26424220,60.20399999999999,61.3,60.006
2017-11-06,60.56,32403445,61.4,61.5,59.802
2017-11-03,61.22,44429665,59.9,61.25,59.026
2017-11-02,59.85,98856400,60.026,61.738,58.526
2017-11-01,64.22,41212435,66.45,66.5218,64.05199999999999
2017-10-31,66.31,28250310,64.046,66.39,64.036
2017-10-30,64.02,21238095,63.836000000000006,64.756,63.45
2017-10-27,64.17,34841825,63.95,64.918,63.332
2017-10-26,65.23,25050435,65.556,66.046,64.64
2017-10-25,65.17,42918095,67.34,67.5,64.712
2017-10-24,67.47,22428460,67.76,68.56,67.232
2017-10-23,67.4,28697990,69.976,69.99,67.25
2017-10-20,69.02,24628285,70.538,70.91,68.868
2017-10-19,70.36,25278575,71.112,71.4293,69.64
2017-10-18,71.93,24680120,71.194,72.6,70.82600000000001
2017-10-17,71.15,16451450,70.182,71.244,70.014
2017-10-16,70.12,26865450,70.752,70.896,69.432
2017-10-13,71.11,17694035,71.396,71.69800000000001,70.736
2017-10-12,71.14,20367760,70.59,71.956,70.528
2017-10-11,70.92,22473665,70.778,71.52,70.23
2017-10-10,71.12,34861315,69.36,71.126,69.1061
2017-10-09,68.59,37307305,69.93,70.35,68.53399999999999
2017-10-06,71.38,21364330,70.62,72.0198,70.45
2017-10-05,71.07,20839565,71.2,71.487,70.27
2017-10-04,71.0,40739975,70.25,71.72399999999999,69.92
2017-10-03,69.63,50612750,67.18,69.71,66.256
2017-10-02,68.31,26137735,68.50399999999999,68.74,67.102
2017-09-29,68.22,25495255,68.372,68.936,67.7202
2017-09-28,67.92,26548895,67.976,68.55,67.08
2017-09-27,68.19,30136875,69.98,70.2978,68.1
2017-09-26,69.05,35748245,70.186,70.248,68.18
2017-09-25,69.0,37935790,70.63,71.4938,68.57600000000001
2017-09-22,70.22,40714475,73.298,73.98,70.176
2017-09-21,73.3,23054360,74.98,75.366,72.902
2017-09-20,74.78,24549790,74.6,75.6498,74.214
2017-09-19,75.02,32176040,76.0,76.47800000000001,74.714
2017-09-18,77.0,35888865,76.05,77.922,75.536
2017-09-15,75.96,27036135,74.902,76.0,74.54
2017-09-14,75.53,35851315,72.866,75.592,72.52600000000001
2017-09-13,73.25,20855925,72.764,73.61399999999999,71.918
2017-09-12,72.55,29831020,72.898,73.752,72.08
2017-09-11,72.74,38255000,70.27,72.742,70.0
2017-09-08,68.68,16306665,69.798,69.956,68.46
2017-09-07,70.12,21175225,69.196,70.49600000000001,68.69
2017-09-06,68.91,20410005,69.9,70.1958,68.312
2017-09-05,69.92,19182010,70.76,71.098,69.178
2017-09-01,71.08,15242750,71.22399999999999,71.518,70.738
2017-08-31,71.18,20316650,70.71,71.688,70.564
2017-08-30,70.64,17020825,69.934,70.694,69.4
2017-08-29,69.47,20346515,67.896,69.81,67.75
2017-08-28,69.13,18731200,69.456,69.47,67.944
2017-08-25,69.61,17375930,70.848,71.138,69.46
2017-08-24,70.59,22857870,70.50399999999999,71.332,69.94800000000001
2017-08-23,70.55,24709735,67.798,70.69800000000001,67.6608
2017-08-22,68.27,21571340,68.226,68.44800000000001,67.4745
2017-08-21,67.57,32449250,69.164,69.164,66.37
2017-08-18,69.49,26954025,70.582,70.8,69.16
2017-08-17,70.38,25054125,72.242,72.66,70.318
2017-08-16,72.58,17030865,72.6,73.3,72.50399999999999
2017-08-15,72.47,15423005,73.04,73.098,71.874
2017-08-14,72.76,22539845,72.926,73.532,72.52
2017-08-11,71.57,21787810,71.39399999999999,72.252,70.72399999999999
2017-08-10,71.08,35315270,72.32,73.3301,70.932
2017-08-09,72.71,34405910,72.2,74.0,71.79
2017-08-08,73.04,37159190,71.506,73.71600000000001,71.48
2017-08-07,71.03,31546655,71.47,71.896,70.55
2017-08-04,71.38,46166475,69.4,71.454,68.66
2017-08-03,69.42,67621350,69.066,70.0,68.63
2017-08-02,65.18,59711750,63.788000000000004,65.42399999999999,62.244
2017-08-01,63.91,41424985,64.6,64.89,63.226000000000006
2017-07-31,64.69,42627270,67.1,68.298,64.208
2017-07-28,67.01,24349455,67.378,67.92,66.502
2017-07-27,66.89,41429395,69.2,69.5,65.258
2017-07-26,68.77,24047570,68.072,69.1,67.624
2017-07-25,67.92,34889660,69.0,69.12,66.83
2017-07-24,68.5,42991460,66.048,68.6798,66.002
2017-07-21,65.68,24358540,65.892,66.2515,65.16
2017-07-20,65.98,25712580,65.38,66.044,64.84
2017-07-19,65.05,31729420,65.646,66.33,64.6439
2017-07-18,65.65,31803550,63.5,65.82600000000001,63.132
2017-07-17,63.91,49137530,65.108,65.42,62.69
2017-07-14,65.56,28039620,64.638,65.684,64.244
2017-07-13,64.68,42911575,66.02199999999999,66.32,63.994
2017-07-12,65.9,51586200,66.08,66.62,64.9
2017-07-11,65.44,57633800,63.2,65.456,62.86
2017-07-10,63.21,68801450,62.58,63.588,60.626000000000005
2017-07-07,62.64,70649750,62.7,63.4,61.476000000000006
2017-07-06,61.77,96290200,63.452,64.158,61.26
2017-07-05,65.42,84991500,69.44,69.44800000000001,65.266
2017-07-03,70.52,31527005,74.048,74.27,70.3
2017-06-30,72.32,29115230,72.742,73.3535,71.9237
2017-06-29,72.15,41012315,74.122,74.2,70.82
2017-06-28,74.25,31451615,73.336,74.348,72.50399999999999
2017-06-27,72.47,34887470,75.28,75.28,72.404
2017-06-26,75.5,32984270,77.33800000000001,77.39,74.62
2017-06-23,76.69,32125900,76.49,77.398,75.869
2017-06-22,76.52,37552030,75.598,77.0,74.714
2017-06-21,75.28,24583850,74.87,75.398,73.604
2017-06-20,74.45,37095550,75.334,75.77600000000001,73.946
2017-06-19,73.96,32167170,75.0,75.34,73.56
2017-06-16,74.28,31737250,75.595,75.602,74.02
2017-06-15,75.07,52063250,74.5,75.092,73.298
2017-06-14,76.13,63892400,76.217,76.85,75.262
2017-06-13,75.19,58866850,73.524,75.2,73.322
2017-06-12,71.8,52539300,71.598,72.9,70.124
2017-06-09,71.46,86250300,74.884,75.374,70.96
2017-06-08,74.0,45143385,72.75,74.38,72.044
2017-06-07,71.93,46743460,71.268,72.1,71.028
2017-06-06,70.57,55159600,68.94,71.8986,67.994
2017-06-05,69.46,33845870,67.7,69.688,66.842
2017-06-02,67.97,27919760,67.954,68.57600000000001,67.186
2017-06-01,68.07,38008820,68.8,68.976,67.458
2017-05-31,68.2,49687780,67.538,68.578,67.032
2017-05-30,67.02,38857680,65.2,67.256,65.152
2017-05-26,65.03,38965045,63.456,65.098,63.262
2017-05-25,63.37,25002160,62.20399999999999,63.394,61.562
2017-05-24,62.04,25175960,61.302,62.2,61.08
2017-05-23,60.77,21571335,62.092,62.146,60.696000000000005
2017-05-22,62.07,21621525,62.56,62.873999999999995,61.36
2017-05-19,62.17,23272900,63.1,63.3,62.04
2017-05-18,62.61,28045765,61.4,62.788000000000004,61.062
2017-05-17,61.22,33478285,62.878,62.926,61.1
2017-05-16,63.4,20705330,63.518,64.012,63.028
2017-05-15,63.18,38034270,63.676,64.04,62.506
2017-05-12,64.96,20593065,65.096,65.4,64.306
2017-05-11,64.62,23735860,64.68,65.2,63.92
2017-05-10,65.04,28672620,64.312,65.1,63.623999999999995
2017-05-09,64.25,48316870,61.876000000000005,64.398,61.82
2017-05-08,61.44,35014535,62.18,62.758,61.163999999999994
2017-05-05,61.67,40587245,59.6,61.71,59.36
2017-05-04,59.09,70679950,61.486999999999995,61.553999999999995,58.152
2017-05-03,62.2,34396295,63.534,64.306,62.09
2017-05-02,63.78,26582755,64.8,65.532,63.312
2017-05-01,64.57,44099440,62.976000000000006,65.45,62.961999999999996
2017-04-28,62.81,22483295,61.966,62.96,61.6
2017-04-27,61.73,17313315,62.338,62.618,61.5
2017-04-26,62.03,23415655,62.474,62.9,61.8
2017-04-25,62.76,33670810,61.6,62.79600000000001,61.172
2017-04-24,61.61,25388855,61.843999999999994,62.11,61.2043
2017-04-21,61.12,22509790,60.4,61.28,60.083999999999996
2017-04-20,60.5,30729805,61.302,61.83,60.04600000000001
2017-04-19,61.1,19455725,60.492,61.324,60.422
2017-04-18,60.05,15171125,59.94,60.168,59.58
2017-04-17,60.29,20640335,60.54,60.8,59.736000000000004
2017-04-13,60.8,46378410,59.34,61.478,59.06
2017-04-12,59.37,30218240,61.268,61.6896,59.263999999999996
2017-04-11,61.74,28590265,62.676,62.693999999999996,61.1
2017-04-10,62.48,38268115,61.83,62.746,61.742
2017-04-07,60.51,22833160,59.5,60.538000000000004,59.43
2017-04-06,59.74,27588655,59.376000000000005,60.388000000000005,58.82
2017-04-05,59.0,39292825,60.408,60.976000000000006,58.84
2017-04-04,60.74,50541150,59.378,60.961999999999996,58.906000000000006
2017-04-03,59.7,69324250,57.38,59.8,56.916000000000004
2017-03-31,55.66,16468490,55.746,55.93600000000001,55.2639
2017-03-30,55.58,20707185,55.608000000000004,56.4,55.442
2017-03-29,55.48,18362630,55.668,55.92,55.108000000000004
2017-03-28,55.49,39893325,55.403999999999996,56.136,55.0
2017-03-27,54.04,31106805,52.12,54.114,51.95
2017-03-24,52.63,28188340,51.14,52.778,51.001999999999995
2017-03-23,50.96,16549220,51.078,51.5344,50.66
2017-03-22,51.0,20283675,50.312,51.013999999999996,50.102
2017-03-21,50.14,34507775,52.566,52.96,50.048
2017-03-20,52.38,18008080,52.12,52.91,51.7642
2017-03-17,52.3,32455090,52.8,53.066,52.24
2017-03-16,52.41,35635900,52.48,53.15,51.812
2017-03-15,51.15,26166825,51.4,52.2,50.854
2017-03-14,51.6,37908595,49.222,51.623999999999995,49.20399999999999
2017-03-13,49.23,15056400,48.964,49.37,48.5562
2017-03-10,48.74,15313925,49.242,49.3,48.6
2017-03-09,48.98,19382470,49.526,49.732,48.6
2017-03-08,49.37,18633730,49.4,50.013999999999996,49.06399999999999
2017-03-07,49.72,17262935,50.38399999999999,50.778,49.663999999999994
2017-03-06,50.24,16768005,49.582,50.34,49.501999999999995
2017-03-03,50.31,14627405,50.148,50.38,49.8
2017-03-02,50.1,16728755,49.942,50.656000000000006,49.653999999999996
2017-03-01,50.0,24024815,50.836000000000006,50.97,49.821999999999996
2017-02-28,50.0,30369450,48.838,50.2,48.78
2017-02-27,49.25,57250800,49.63399999999999,49.672,48.402
2017-02-24,51.4,40834345,50.532,51.65,50.04
2017-02-23,51.2,74385450,52.8,52.931999999999995,51.111999999999995
2017-02-22,54.7,42689055,56.062,56.69,54.52
2017-02-21,55.48,28237875,55.09,56.28,54.802
2017-02-17,54.45,31257345,53.16,54.578,52.83
2017-02-16,53.79,35319300,55.52,56.0,53.7
2017-02-15,55.95,24719395,56.0,56.448,55.288000000000004
2017-02-14,56.2,36707250,55.806000000000004,57.478,55.722
2017-02-13,56.12,35115360,54.148,56.158,54.102
2017-02-10,53.85,18091680,53.958,54.19,53.222
2017-02-09,53.84,39063000,53.25,54.236000000000004,53.23
2017-02-08,52.42,19562140,51.47,52.672,51.24
2017-02-07,51.5,21220315,51.638000000000005,52.0,51.284
2017-02-06,51.55,17788000,50.2,51.56399999999999,50.126000000000005
2017-02-03,50.27,10926150,50.382,50.4358,49.93600000000001
2017-02-02,50.31,12493995,49.668,50.483999999999995,49.542
2017-02-01,49.85,19765525,50.61,50.64,49.81
2017-01-31,50.39,20560065,49.848,51.178000000000004,49.54
2017-01-30,50.13,18993190,50.506,51.058,49.42
2017-01-27,50.59,15808870,50.276,50.6,49.70399999999999
2017-01-26,50.5,15718585,50.858000000000004,51.148,50.15
2017-01-25,50.89,25726505,51.461999999999996,51.692,50.36
2017-01-24,50.92,24790720,50.0,50.96,49.93
2017-01-23,49.78,31310485,49.17,50.178000000000004,49.1
2017-01-20,48.95,20998600,49.092,49.2,48.602
2017-01-19,48.75,38586220,49.45,49.736000000000004,48.15
2017-01-18,47.67,18836360,47.33,47.942,47.11600000000001
2017-01-17,47.12,23073655,47.34,47.992,46.873999999999995
2017-01-13,47.55,30428050,46.0,47.57,45.918
2017-01-12,45.92,18937735,45.812,46.14,45.11600000000001
2017-01-11,45.95,18249550,45.81399999999999,45.996,45.336000000000006
2017-01-10,45.97,18294905,46.4,46.4,45.378
2017-01-09,46.26,19863580,45.794,46.38399999999999,45.6
2017-01-06,45.8,27620765,45.386,46.062,45.09
2017-01-05,45.35,29544635,45.284,45.496,44.39
2017-01-04,45.4,56022800,42.95,45.6,42.861999999999995
2017-01-03,43.4,29507470,42.972,44.066,42.192
2016-12-30,42.74,23206440,43.26,43.5,42.336000000000006
2016-12-29,42.94,20215430,43.711999999999996,43.84,42.8245
2016-12-28,43.95,18892720,44.306000000000004,44.76,43.44
2016-12-27,43.91,29566675,42.976000000000006,44.45,42.88399999999999
2016-12-23,42.67,23341315,41.6,42.69,41.542
2016-12-22,41.69,15542135,41.644,41.998000000000005,41.3
2016-12-21,41.54,26030715,41.69,42.446000000000005,41.482
2016-12-20,41.76,23421345,40.61,41.8,40.5
2016-12-19,40.55,17434685,40.498000000000005,40.89,39.968
2016-12-16,40.5,18977220,39.616,40.518,39.52
2016-12-15,39.52,16093265,39.681999999999995,40.148,39.478
2016-12-14,39.74,20736570,39.748000000000005,40.6,39.352
2016-12-13,39.63,34096610,38.635999999999996,40.256,38.6
2016-12-12,38.49,12182140,38.56,38.884,38.208
2016-12-09,38.44,13604685,38.174,38.7672,38.162
2016-12-08,38.46,15968420,38.41,38.5,37.908
2016-12-07,38.63,27285355,37.23,38.68,37.0
2016-12-06,37.17,16946825,37.104,37.316,36.5365
2016-12-05,37.36,20347400,36.501999999999995,37.778,36.501999999999995
2016-12-02,36.29,20201005,36.576,36.976,36.0
2016-12-01,36.38,25595525,37.65,37.705999999999996,36.2
2016-11-30,37.88,17724455,38.2,38.378,37.5
2016-11-29,37.91,22176560,39.111999999999995,39.346,37.9
2016-11-28,39.22,22605410,39.096,39.87,38.91
2016-11-25,39.33,11830490,38.728,39.4474,38.728
2016-11-23,38.63,24451425,38.122,39.1288,37.8
2016-11-22,38.23,28006190,37.168,38.294000000000004,36.742
2016-11-21,36.9,21779360,37.008,37.778,36.882
2016-11-18,37.0,26032365,38.13,38.6,37.0
2016-11-17,37.73,24404845,36.698,37.898,36.422
2016-11-16,36.79,17163340,36.53,36.946,36.242
2016-11-15,36.75,19498715,36.556,37.286,36.41
2016-11-14,36.29,32739565,37.6,37.65,35.638000000000005
2016-11-11,37.71,19935455,36.848,37.775999999999996,36.6
2016-11-10,37.07,33731450,38.21,38.321999999999996,36.084
2016-11-09,38.01,40832235,37.375,38.4,36.79
2016-11-08,38.99,16264635,38.758,39.498000000000005,38.251999999999995
2016-11-07,38.64,19288410,38.718,38.858000000000004,38.01
2016-11-04,38.11,25719575,37.8,38.692,37.192
2016-11-03,37.48,13222750,37.8,38.294000000000004,37.408
2016-11-02,37.6,21211250,38.01,38.539,37.501
2016-11-01,38.16,35118370,39.608000000000004,39.7,37.621
2016-10-31,39.55,23456600,40.498000000000005,40.498000000000005,39.162
2016-10-28,39.99,21367280,40.8,41.06399999999999,39.966
2016-10-27,40.8,65354950,42.268,42.74,40.33
2016-10-26,40.45,26734465,40.2,40.638000000000005,40.02
2016-10-25,40.47,12210590,40.58,40.938,40.24
2016-10-24,40.55,13736720,40.2,40.789,40.05
2016-10-21,40.02,14684540,39.72,40.314,39.482
2016-10-20,39.82,25347050,40.424,40.6,39.41
2016-10-19,40.71,34830925,39.948,41.332,39.611999999999995
2016-10-18,39.82,28380230,39.198,39.894,38.652
2016-10-17,38.79,22591655,39.41,39.678000000000004,38.4
2016-10-14,39.3,21327355,40.132,40.286,39.26
2016-10-13,40.05,12475700,40.1,40.179,39.41
2016-10-12,40.3,9845495,40.19,40.775999999999996,40.084
2016-10-11,40.02,11633770,40.37,40.44,39.662
2016-10-10,40.19,16556700,40.27,40.828,39.931999999999995
2016-10-07,39.32,17447400,40.2,40.264,39.16
2016-10-06,40.2,23489685,40.492,40.842,40.042
2016-10-05,41.69,9362280,42.448,42.63,41.623999999999995
2016-10-04,42.28,17689765,42.62,42.663999999999994,41.763999999999996
2016-10-03,42.74,29946710,42.46,43.1338,41.65
2016-09-30,40.81,12908650,40.442,40.996,39.91
2016-09-29,40.14,13570200,41.12,41.466,40.116
2016-09-28,41.25,10396620,41.501999999999995,41.65,41.052
2016-09-27,41.16,16839535,41.93,41.9964,40.9219
2016-09-26,41.8,11966865,41.3,42.2,41.3
2016-09-23,41.49,14520625,41.198,42.036,41.13399999999999
2016-09-22,41.29,11908000,41.28,41.456,40.6
2016-09-21,41.04,13156425,41.273999999999994,41.4,40.312
2016-09-20,40.93,12042780,41.37,41.55,40.782
2016-09-19,41.27,11491590,41.4,41.886,41.0
2016-09-16,41.08,15521330,40.084,41.14,39.8
2016-09-15,40.08,15414710,39.298,40.5039,39.28
2016-09-14,39.28,11280715,39.15,39.585,38.9712
2016-09-13,39.21,17915700,39.412,39.698,38.69
2016-09-12,39.66,18570245,39.0,40.2738,38.82
2016-09-09,38.89,18768670,39.818000000000005,39.984,38.74
2016-09-08,39.47,16861465,39.91,39.978,39.272
2016-09-07,40.34,18189590,41.1,41.2994,40.141999999999996
2016-09-06,40.57,21930965,39.804,40.65,39.8
2016-09-02,39.56,29850770,40.466,40.64,39.24
2016-09-01,40.15,39662220,41.802,42.22,40.1
2016-08-31,42.4,16374270,42.086000000000006,42.52,41.73
2016-08-30,42.27,15821110,43.222,43.222,42.104
2016-08-29,43.04,16306905,44.03,44.08,43.0
