Date, Close/Last, Volume, Open, High, Low
11/06/2020,429.95,21706010,436.1,436.57,424.28
11/05/2020,438.09,28414520,428.3,440,424.0001
11/04/2020,420.98,32143060,430.62,435.4,417.1
11/03/2020,423.90,34351720,409.73,427.77,406.69
11/02/2020,400.51,29021120,394,406.9799,392.3
10/30/2020,388.04,42587640,406.8954,407.5915,379.11
10/29/2020,410.83,22655310,409.96,418.06,406.46
10/28/2020,406.02,25451410,416.48,418.6,406
10/27/2020,424.68,22686510,423.76,430.5,420.1
10/26/2020,420.28,28239160,411.63,425.76,410
10/23/2020,420.63,33716980,421.84,422.8859,407.3801
10/22/2020,425.79,39993190,441.92,445.23,424.51
10/21/2020,422.64,32370460,422.7,432.95,421.25
10/20/2020,421.94,31656290,431.75,431.75,419.0501
10/19/2020,430.83,36287840,446.24,447,428.87
10/16/2020,439.67,32775880,454.44,455.9499,438.85
10/15/2020,448.88,35672350,450.31,456.57,442.5
10/14/2020,461.30,48045390,449.78,465.9,447.35
10/13/2020,446.65,34463670,443.35,448.89,436.6
10/12/2020,442.30,38791130,442,448.74,438.58
10/09/2020,434.00,28925660,430.13,434.5899,426.4601
10/08/2020,425.92,40421120,438.44,439,425.3
10/07/2020,425.30,43127710,419.87,429.9,413.845
10/06/2020,413.98,49146260,423.79,428.7799,406.05
10/05/2020,425.68,44722790,423.35,433.64,419.33
10/02/2020,415.09,71430030,421.39,439.13,415
10/01/2020,448.16,50741450,440.76,448.88,434.42
09/30/2020,429.01,48145570,421.32,433.93,420.47
09/29/2020,419.07,50341400,416,428.5,411.6
09/28/2020,421.20,49719560,424.62,428.08,415.55
09/25/2020,407.34,67208460,393.47,408.7323,391.3
09/24/2020,387.79,96561060,363.8,399.5,351.3
09/23/2020,380.36,95074180,405.16,412.15,375.8801
09/22/2020,424.23,79580800,429.6,437.76,417.6001
09/21/2020,449.39,109476800,453.13,455.68,407.07
09/18/2020,442.15,86406820,447.94,451,428.8
09/17/2020,423.43,76779160,415.6,437.79,408.0001
09/16/2020,441.76,72546760,439.87,457.79,435.31
09/15/2020,449.76,97298230,436.56,461.94,430.7
09/14/2020,419.62,83020610,380.95,420,373.3
09/11/2020,372.72,60717460,381.94,382.5,360.5
09/10/2020,371.34,84930610,386.21,398.99,360.56
09/09/2020,366.28,79465770,356.6,369,341.51
09/08/2020,330.21,115465700,356,368.74,329.88
09/04/2020,418.32,110321900,402.81,428,372.0201
09/03/2020,407.00,87596090,407.23,431.8,402
09/02/2020,447.37,96176130,478.99,479.04,405.1206
09/01/2020,475.05,90119420,502.14,502.49,470.51
08/31/2020,498.32,118374400,444.61,500.14,440.11
08/28/2020,442.68,100405900,459.024,463.698,437.304
08/27/2020,447.75,118465200,436.092,459.12,428.5
08/26/2020,430.63,71196900,412,433.2,410.7258
08/25/2020,404.67,53294450,394.978,405.59,393.6
08/24/2020,402.84,100318100,425.255,425.8,385.504
08/21/2020,410.00,107447800,408.952,419.098,405.01
08/20/2020,400.37,103059000,372.136,404.398,371.412
08/19/2020,375.71,61026650,373,382.2,368.242
08/18/2020,377.42,82372450,379.798,384.78,369.022
08/17/2020,367.13,101211600,335.4,369.172,334.566
08/14/2020,330.14,62888050,332.998,333.76,325.328
08/13/2020,324.20,102126550,322.2,330.236,313.452
08/12/2020,310.95,109494150,294,317,287
08/11/2020,274.88,43129170,279.2,284,273
08/10/2020,283.71,37611320,289.6,291.5,277.168
08/07/2020,290.54,44482100,299.9074,299.95,283.002
08/06/2020,297.92,29961565,298.166,303.462,295.452
08/05/2020,297.00,24890075,298.598,299.9677,293.662
08/04/2020,297.40,42074950,299.002,305.482,292.4
08/03/2020,297.00,44046730,289.84,301.962,288.8769
07/31/2020,286.15,61234800,303,303.41,284.196
07/30/2020,297.50,38105195,297.6,302.648,294.2
07/29/2020,299.82,47134465,300.2,306.962,297.4
07/28/2020,295.30,79043500,300.8,312.94,294.884
07/27/2020,307.92,80243350,287,309.588,282.6001
07/24/2020,283.40,96983100,283.202,293,273.308
07/23/2020,302.61,121642500,335.79,337.8,296.154
07/22/2020,318.47,70805400,319.8,325.284,312.4
07/21/2020,313.67,80786400,327.986,335,311.6
07/20/2020,328.60,85606850,303.802,330,297.6
07/17/2020,300.17,46649860,302.69,307.502,298
07/16/2020,300.13,71503950,295.432,306.342,293.2
07/15/2020,309.20,81839150,308.6,310,291.4
07/14/2020,303.36,117090700,311.2,318,286.2
07/13/2020,299.41,194926800,331.8,358.998,294.222
07/10/2020,308.93,116687750,279.2,309.783,275.202
07/09/2020,278.86,58588000,279.398,281.712,270.256
07/08/2020,273.18,81556550,281,283.452,262.268
07/07/2020,277.97,107448300,281.002,285.9,267.342
07/06/2020,274.32,102849300,255.338,275.558,253.2088
07/02/2020,241.73,86250600,244.296,245.6,237.12
07/01/2020,223.93,66634500,216.6,227.066,216.1
06/30/2020,215.96,84592500,201.3,217.538,200.746
06/29/2020,201.87,45132020,193.802,202,189.704
06/26/2020,191.95,44274540,198.956,199,190.974
06/25/2020,197.20,46272745,190.854,197.196,187.43
06/24/2020,192.17,54797950,198.822,200.1769,190.6283
06/23/2020,200.36,31826355,199.776,202.4,198.802
06/22/2020,198.86,31811750,199.99,201.776,198.004
06/19/2020,200.18,43398745,202.556,203.194,198.268
06/18/2020,200.79,48759680,200.6,203.84,198.8942
06/17/2020,198.36,49454000,197.542,201,196.5142
06/16/2020,196.43,70255400,202.37,202.576,192.478
06/15/2020,198.18,78485900,183.558,199.768,181.7
06/12/2020,187.06,83816850,196,197.596,182.52
06/11/2020,194.57,79582400,198.04,203.792,194.4
06/10/2020,205.01,92817050,198.376,205.496,196.5
06/09/2020,188.13,56940750,188.002,190.888,184.7862
06/08/2020,189.98,70873650,183.8,190,181.832
06/05/2020,177.13,39059585,175.568,177.304,173.24
06/04/2020,172.88,44438565,177.976,179.15,171.688
06/03/2020,176.59,39747345,177.624,179.588,176.02
06/02/2020,176.31,67828000,178.94,181.732,174.2
06/01/2020,179.62,75426500,171.6,179.8,170.82
05/29/2020,167.00,59062450,161.75,167,160.842
05/28/2020,161.16,36378870,162.702,164.95,160.338
05/27/2020,164.05,57747650,164.172,165.542,157
05/26/2020,163.77,40448680,166.9,166.92,163.141
05/22/2020,163.38,49937375,164.4348,166.356,162.4
05/21/2020,165.52,61272900,163.2,166.5,159.2
05/20/2020,163.11,36546355,164.1,165.2,162.36
05/19/2020,161.60,48182610,163.034,164.414,161.216
05/18/2020,162.73,58490500,165.556,166.944,160.776
05/15/2020,159.83,52592150,158.07,161.0097,157.3104
05/14/2020,160.67,68410950,156,160.672,152.8
05/13/2020,158.19,95327450,164.166,165.2,152.66
05/12/2020,161.88,79534550,165.4,168.658,161.6
05/11/2020,162.26,82598000,158.102,164.8,157
05/08/2020,163.88,80650450,158.754,164.8,157.402
05/07/2020,156.01,57638450,155.442,159.28,154.47
05/06/2020,156.52,55616150,155.3,157.96,152.222
05/05/2020,153.64,84958300,157.958,159.784,152.436
05/04/2020,152.24,96185450,140.2,152.4,139.6
05/01/2020,140.26,162659050,151,154.554,136.608
04/30/2020,156.38,142359250,171.038,173.964,152.7
04/29/2020,160.10,81079900,158.034,160.64,156.632
04/28/2020,153.82,76109800,159.128,161,151.338
04/27/2020,159.75,103407200,147.522,159.898,147
04/24/2020,145.03,66188050,142.162,146.146,139.636
04/23/2020,141.13,66183500,145.52,146.8,140.626
04/22/2020,146.42,71124150,140.796,146.8,137.742
04/21/2020,137.34,101045450,146.024,150.666,134.758
04/20/2020,149.27,73731850,146.54,153.114,142.442
04/17/2020,150.78,65641150,154.456,154.99,149.532
04/16/2020,149.04,103289300,143.388,151.89,141.343
04/15/2020,145.97,117885000,148.4,150.626,142
04/14/2020,141.98,152882550,139.794,148.376,138.486
04/13/2020,130.19,112377100,118.032,130.4,116.106
04/09/2020,114.60,68250000,112.418,115.0364,111.422
04/08/2020,109.77,63280100,110.84,111.4416,106.666
04/07/2020,109.09,89598900,109,113,106.468
04/06/2020,103.25,74509200,102.24,104.2,99.592
04/03/2020,96.00,112810400,101.9,103.098,93.678
04/02/2020,90.89,99292150,96.206,98.852,89.28
04/01/2020,96.31,66765900,100.8,102.791,95.02
03/31/2020,104.80,88857450,100.25,108.592,99.4
03/30/2020,100.43,59990350,102.052,103.3294,98.246
03/27/2020,102.87,71887050,101,105.16,98.806
03/26/2020,105.63,87110400,109.478,112,102.45
03/25/2020,107.85,106113750,109.05,111.4,102.222
03/24/2020,101.00,114475850,95.46,102.738,94.8
03/23/2020,86.86,82272750,86.72,88.4,82.1
03/20/2020,85.51,141427500,87.64,95.4,85.158
03/19/2020,85.53,150977300,74.9394,90.4,71.692
03/18/2020,72.24,118930800,77.8,80.972,70.102
03/17/2020,86.04,119972900,88.002,94.37,79.2
03/16/2020,89.01,102447300,93.8999,98.974,88.434
03/13/2020,109.32,113201250,119,121.514,100.4
03/12/2020,112.11,94545250,116.178,118.9,109.25
03/11/2020,126.85,67067950,128.04,130.716,122.6
03/10/2020,129.07,77972200,131.886,133.6,121.6
03/09/2020,121.60,85368700,121.078,132.5996,121
03/06/2020,140.70,63314600,138.0008,141.4,136.854
03/05/2020,144.91,54263300,144.754,149.15,143.614
03/04/2020,149.90,75244900,152.7921,153.304,144.9469
03/03/2020,149.10,128920000,161,161.396,143.2221
03/02/2020,148.72,100974950,142.252,148.738,137.334
02/28/2020,133.60,122820850,125.94,138.104,122.304
02/27/2020,135.80,121385800,146,147.954,133.8
02/26/2020,155.76,70769200,156.5,162.662,155.222
02/25/2020,159.98,86452400,169.8,171.32,157.4
02/24/2020,166.76,75960800,167.8,172.7,164.44
02/21/2020,180.20,71697250,181.396,182.612,176.09
02/20/2020,179.88,88174450,182.39,182.4,171.988
02/19/2020,183.48,127114800,184.7,188.956,180.204
02/18/2020,171.68,83491850,168.32,172,166.472
02/14/2020,160.01,78468550,157.444,162.594,157.1
02/13/2020,160.80,131446750,148.368,163.6,147
02/12/2020,153.46,60112350,155.574,157.95,152.674
02/11/2020,154.88,58487350,153.758,156.7012,151.6
02/10/2020,154.26,123445800,160,163.998,150.48
02/07/2020,149.61,85317600,146.11,153.95,146
02/06/2020,149.79,199403750,139.984,159.166,137.4
02/05/2020,146.94,242119200,164.652,169.196,140.8221
02/04/2020,177.41,304693800,176.592,193.798,166.776
02/03/2020,156.00,236167500,134.738,157.228,134.704
01/31/2020,130.11,78596350,128,130.6,126.504
01/30/2020,128.16,145028400,126.484,130.176,123.6
01/29/2020,116.20,91083350,115.138,117.96,113.486
01/28/2020,113.38,58942450,113.698,115.362,111.616
01/27/2020,111.60,68040350,108.398,112.888,107.856
01/24/2020,112.96,71768000,114.126,114.772,110.852
01/23/2020,114.44,98255200,112.85,116.4,111.1205
01/22/2020,113.91,156845150,114.378,118.9,111.82
01/21/2020,109.44,89017350,106.05,109.716,105.682
01/17/2020,102.10,68145350,101.522,103.134,100.632
01/16/2020,102.70,108683250,98.75,102.892,98.434
01/15/2020,103.70,86844150,105.952,107.568,103.3571
01/14/2020,107.58,145306900,108.851,109.482,104.98
01/13/2020,104.97,133172750,98.7,105.126,98.4
01/10/2020,95.63,64884150,96.358,96.988,94.74
01/09/2020,96.27,142315950,99.42,99.76,94.574
01/08/2020,98.43,155996950,94.74,99.698,93.646
01/07/2020,93.81,91045700,92.28,94.326,90.671
01/06/2020,90.31,50787500,88.094,90.312,88
01/03/2020,88.60,88973500,88.1,90.8,87.384
01/02/2020,86.05,47791930,84.9,86.1391,84.342
12/31/2019,83.67,51462300,81,84.258,80.416
12/30/2019,82.94,63006350,85.758,85.8,81.8518
12/27/2019,86.08,49784135,87,87.062,85.222
12/26/2019,86.19,53241450,85.582,86.696,85.27
12/24/2019,85.05,40273600,83.672,85.094,82.5375
12/23/2019,83.84,66664100,82.356,84.402,82
12/20/2019,81.12,73926050,82.058,82.6,80.037
12/19/2019,80.81,90601550,79.464,81.37,79.3
12/18/2019,78.63,70681950,76.126,79.044,76.116
12/17/2019,75.80,42518875,75.798,77.1,75.18
12/16/2019,76.30,91104700,72.51,76.722,72.5
12/13/2019,71.68,32871405,72.21,73.042,70.928
12/12/2019,71.94,38881055,70.984,72.548,70.646
12/11/2019,70.54,34595810,70.3753,71.438,70.218
12/10/2019,69.77,44199755,67.992,70.146,67.862
12/09/2019,67.91,45201085,67.318,68.89,67.016
12/06/2019,67.18,38094685,67,67.772,66.954
12/05/2019,66.07,18684880,66.566,66.8845,65.45
12/04/2019,66.61,27681275,67.55,67.572,66.57
12/03/2019,67.24,33067380,66.524,67.582,66.4372
12/02/2019,66.97,30409930,65.88,67.2765,65.7374
11/29/2019,65.99,12328145,66.222,66.252,65.5
11/27/2019,66.26,27817295,66.224,66.786,65.714
11/26/2019,65.78,39781195,67.054,67.1,65.42
11/25/2019,67.27,61728850,68.864,68.914,66.892
11/22/2019,66.61,84353200,68.032,68.2,66
11/21/2019,70.97,30550065,70.902,72.168,70.8008
11/20/2019,70.44,33669825,72,72.24,69.914
11/19/2019,71.90,38680390,70.35,71.998,69.56
11/18/2019,70.00,22042525,70.5834,70.63,69.22
11/15/2019,70.43,24062815,70.128,70.56,69.672
11/14/2019,69.87,32358515,69.222,70.768,68.582
11/13/2019,69.22,42339315,71,71.266,69.036
11/12/2019,69.99,36796915,69.38,70.074,68.808
11/11/2019,69.02,49968445,68.79,69.838,68.4
11/08/2019,67.43,30371105,66.9,67.492,66.5
11/07/2019,67.11,72336750,65.828,68.3,65.604
11/06/2019,65.32,39704660,63.6,65.344,62.9
11/05/2019,63.44,34717085,63.924,64.702,63.2236
11/04/2019,63.49,43935200,62.96,64.388,61.852
11/01/2019,62.66,31919645,63.264,63.296,61.96
10/31/2019,62.98,25334780,62.62,63.8,62.6
10/30/2019,63.00,48209050,62.6,63.758,61.994
10/29/2019,63.24,63421350,63.998,64.86,62.95
10/28/2019,65.54,94351450,65.508,68.168,64.52
10/25/2019,65.63,150030450,59.544,66,59.222
10/24/2019,59.94,149096150,59.674,60.986,57.84
10/23/2019,50.94,56080900,50.9,51.228,50.27
10/22/2019,51.12,23125475,50.864,51.666,50.17
10/21/2019,50.70,25540505,51.666,51.9,50.036
10/18/2019,51.39,28768330,52.14,52.56,51.02
10/17/2019,52.39,23895215,52.5,52.956,52.034
10/16/2019,51.95,33521515,51.478,52.42,51.384
10/15/2019,51.58,32397280,51.54,52,50.824
10/14/2019,51.39,51134300,49.58,51.71,49.426
10/11/2019,49.58,42440795,49.43,50.216,49.362
10/10/2019,48.95,31567085,49.056,49.856,48.316
10/09/2019,48.91,34675165,48.264,49.459,48.13
10/08/2019,48.01,43511690,47.174,48.788,46.9
10/07/2019,47.54,40434785,45.96,47.712,45.71
10/04/2019,46.29,40105900,46.322,46.956,45.614
10/03/2019,46.61,75688800,46.372,46.896,44.856
10/02/2019,48.63,31282740,48.658,48.93,47.886
10/01/2019,48.94,30981450,48.3,49.19,47.826
09/30/2019,48.17,29730805,48.6,48.796,47.2222
09/27/2019,48.43,55615900,48.44,49.742,47.746
09/26/2019,48.51,60393950,46.132,48.662,45.48
09/25/2019,45.74,47221430,44.912,45.796,43.672
09/24/2019,44.64,64705550,48.304,48.398,44.522
09/23/2019,48.25,21958150,48,49.0359,47.844
09/20/2019,48.12,32531320,49.298,49.3892,47.632
09/19/2019,49.32,24415675,49.2,49.588,48.968
09/18/2019,48.70,21140515,49,49.6337,48.474
09/17/2019,48.96,19734545,48.494,49.12,48.074
09/16/2019,48.56,23640480,49.2,49.486,48.234
09/13/2019,49.04,26565725,49.392,49.69,48.973
09/12/2019,49.17,42906050,49.54,50.7,48.88
09/11/2019,49.42,50213900,47.476,49.6348,47.2
09/10/2019,47.11,24418570,46.16,47.108,45.788
09/09/2019,46.36,24013345,46,46.752,45.846
09/06/2019,45.49,20946860,45.44,45.928,45.034
09/05/2019,45.92,37016610,44.5,45.96,44.17
09/04/2019,44.14,28843480,45.378,45.692,43.841
09/03/2019,45.00,26802730,44.816,45.79,44.632
08/30/2019,45.12,46638875,45.83,46.488,44.8426
08/29/2019,44.34,25915520,43.8,44.68,43.6
08/28/2019,43.12,16193125,42.738,43.45,42.462
08/27/2019,42.82,27103635,43.148,43.76,42.406
08/26/2019,43.00,25272070,42.72,43.004,42.308
08/23/2019,42.28,42798520,43.994,44.234,42.2
08/22/2019,44.43,32824820,44.56,45.08,43.644
08/21/2019,44.17,38998720,44.402,44.644,43.52
08/20/2019,45.17,20852635,45.524,45.818,44.908
08/19/2019,45.37,26558740,44.842,45.566,44.34
08/16/2019,43.99,26036880,43.332,44.448,43.204
08/15/2019,43.13,41159760,44.172,44.312,42.31
08/14/2019,43.92,47812955,46.242,46.3,43.338
08/13/2019,47.00,24344990,45.762,47.2,45.51
08/12/2019,45.80,23319685,46.598,47.154,45.75
08/09/2019,47.00,19491220,47.2108,47.792,46.762
08/08/2019,47.66,26371745,46.89,47.96,46.53
08/07/2019,46.68,23882500,45.3,46.7138,45.16
08/06/2019,46.15,27821000,46.376,46.5,45.15
08/05/2019,45.66,35141395,45.92,46.2735,45.155
08/02/2019,46.87,30682405,46.27,47.254,45.846
08/01/2019,46.77,41297580,48.53,48.902,46.354
07/31/2019,48.32,45891040,48.6,49.336,47.33
07/30/2019,48.45,40545070,46.58,48.672,46.436
07/29/2019,47.15,46366655,45.418,47.188,45.2065
07/26/2019,45.61,50138500,45.384,46.052,44.45
07/25/2019,45.76,112091250,46.7,46.9,45.11
07/24/2019,52.98,55364200,51.834,53.214,51.632
07/23/2019,52.03,25115605,51.342,52.096,50.9
07/22/2019,51.14,34231365,51.75,52.431,50.8382
07/19/2019,51.64,35242050,51.138,51.992,50.924
07/18/2019,50.71,23822415,51.01,51.15,50.377
07/17/2019,50.97,48823635,51.134,51.662,50.67
07/16/2019,50.48,40744945,49.86,50.706,49.5865
07/15/2019,50.70,55000450,49.6,50.884,48.972
07/12/2019,49.02,46002605,47.95,49.076,47.942
07/11/2019,47.72,37572150,47.628,48.3,47.16
07/10/2019,47.78,45728680,46.83,47.788,46.628
07/09/2019,46.01,30954175,45.794,46.2,45.456
07/08/2019,46.07,29402710,46.248,46.45,45.732
07/05/2019,46.62,35328690,46.914,47.09,46.16
07/03/2019,46.98,71005750,47.878,48.314,46.902
07/02/2019,44.91,46295135,45.778,45.83,44.444
07/01/2019,45.43,41189820,46.042,46.6199,45.256
06/28/2019,44.69,34256920,44.198,45.034,44.16
06/27/2019,44.57,31698550,43.89,44.58,43.47
06/26/2019,43.85,42536040,44.062,45.446,43.62
06/25/2019,43.95,30910355,44.878,45.068,43.898
06/24/2019,44.73,28753855,44.648,45.172,44.204
06/21/2019,44.37,41010390,43.244,44.436,43.1
06/20/2019,43.92,59317300,44.6,45.38,43.27
06/19/2019,45.29,32875675,45.022,45.554,44.212
06/18/2019,44.95,63578950,45.744,46.948,44.512
06/17/2019,45.01,61584000,43.096,45.4,42.854
06/14/2019,42.98,37167010,42.25,43.33,42.08
06/13/2019,42.78,40841300,42.076,42.98,41.5021
06/12/2019,41.85,75987700,44.59,44.676,41.8
06/11/2019,43.42,58267700,43.8288,44.18,42.7
06/10/2019,42.58,52925200,42.05,43.388,41.802
06/07/2019,40.90,80017650,41,42.1688,40.6998
06/06/2019,41.19,101210750,40.888,42.2,40.36
06/05/2019,39.32,67553800,39.736,40.2556,38.3697
06/04/2019,38.72,69037600,36.22,38.796,35.922
06/03/2019,35.79,65322050,37.102,37.336,35.3984
05/31/2019,37.03,52033650,37.02,37.9841,36.82
05/30/2019,37.64,39632375,37.75,38.451,37.404
05/29/2019,37.97,59843200,37.42,38.478,37.008
05/28/2019,37.74,51564500,38.24,39,37.57
05/24/2019,38.13,70682850,39.966,39.996,37.7501
05/23/2019,39.10,132735700,38.868,39.893,37.244
05/22/2019,38.55,93425950,39.82,40.788,38.356
05/21/2019,41.02,90019500,39.552,41.48,39.208
05/20/2019,41.07,102631000,40.56,41.2,39.05
05/17/2019,42.21,88933350,44.392,44.448,41.784
05/16/2019,45.67,37416365,45.898,46.2,45.3
05/15/2019,46.39,36479880,45.864,46.488,45.05
05/14/2019,46.46,36262060,45.86,46.9,45.6
05/13/2019,45.40,54174000,46.402,46.494,44.9
05/10/2019,47.90,35041680,47.95,48.398,47.204
05/09/2019,48.40,33556910,48.4,48.736,47.3887
05/08/2019,48.97,30882200,49.388,50.1198,48.84
05/07/2019,49.41,50657050,51.36,51.442,49.02
05/06/2019,51.07,54169700,50.004,51.67,49.7
05/03/2019,51.01,118533850,48.772,51.322,48.698
05/02/2019,48.82,90796700,49.104,49.426,47.544
05/01/2019,46.80,53521750,47.77,48,46.3
04/30/2019,47.74,47234825,48.412,48.842,47.4
04/29/2019,48.29,83433100,47.172,48.796,46.434
04/26/2019,47.03,110755800,49.3,49.336,46.226
04/25/2019,49.53,109116900,51,51.8,49.214
04/24/2019,51.73,48285305,52.77,53.064,51.6
04/23/2019,52.78,54546750,52.03,53.12,51.15
04/22/2019,52.55,60508450,53.8,53.936,52.496
04/18/2019,54.65,29307390,54.246,54.968,53.95
04/17/2019,54.25,25590055,54.95,54.958,53.707
04/16/2019,54.67,36332520,53.15,55,52.944
04/15/2019,53.28,50162450,53.726,53.776,51.726
04/12/2019,53.54,33676930,54.044,54.39,53.366
04/11/2019,53.68,48906470,53.66,54.1,53.12
04/10/2019,55.21,35225170,55.348,55.676,54.5785
04/09/2019,54.46,29466235,54.33,55,53.922
04/08/2019,54.64,51823000,55.538,56.232,54.088
04/05/2019,54.99,65113700,53.972,55.22,53.222
04/04/2019,53.56,118400850,52.378,54.24,52.118
04/03/2019,58.36,39583250,57.464,59.234,57.434
04/02/2019,57.18,27135920,57.66,57.888,56.776
04/01/2019,57.84,40465670,56.524,57.84,56.2562
03/29/2019,55.97,29901775,55.74,56.032,54.9
03/28/2019,55.72,33824605,55.432,56.066,55.02
03/27/2019,54.97,43761920,53.75,55.074,53.6368
03/26/2019,53.55,36709340,52.888,54.052,52.886
03/25/2019,52.08,51025400,51.942,52.636,50.892
03/22/2019,52.91,43609750,54.516,54.56,52.8
03/21/2019,54.80,29654625,54.52,55.29,53.69
03/20/2019,54.72,34409880,53.938,54.994,53.26
03/19/2019,53.49,58871650,53.5,54.66,52.692
03/18/2019,53.90,51324800,55.2,55.61,53.46
03/15/2019,55.09,73786800,56.702,56.7449,54.88
03/14/2019,57.99,35240690,58.49,59.078,57.658
03/13/2019,57.79,34089270,56.78,58.398,56.54
03/12/2019,56.67,37440185,57.298,57.614,56.212
03/11/2019,58.18,36861490,56.704,58.256,56.1
03/08/2019,56.83,44028860,55.382,57.118,55.178
03/07/2019,55.32,47053485,55.768,56.94,54.85
03/06/2019,55.25,51596850,55.296,56.3012,54.878
03/05/2019,55.31,93649000,56.4,56.8,54.02
03/04/2019,57.07,85344450,59.624,59.8,56.556
03/01/2019,58.96,114243750,61.388,61.426,58.38
02/28/2019,63.98,48331120,63.784,64,62.162
02/27/2019,62.95,55720500,60.356,63.259,60.11
02/26/2019,59.57,42858045,58.444,60.402,57.754
02/25/2019,59.75,31068505,59.582,60.5809,59.4001
02/22/2019,58.94,28656900,58.898,59.3,58.42
02/21/2019,58.25,44404150,60.362,60.648,58.1
02/20/2019,60.51,35664845,60.882,61.26,59.8
02/19/2019,61.13,20602600,61.312,62.3088,61.094
02/15/2019,61.58,19479075,60.9,61.6,60.78
02/14/2019,60.75,25954435,60.676,61.354,60.2
02/13/2019,61.63,25651990,62.47,62.55,61.114
02/12/2019,62.36,27427095,63.24,63.638,61.924
02/11/2019,62.57,35570060,62.32,63.72,62.1
02/08/2019,61.16,29175390,61.366,61.489,59.7
02/07/2019,61.50,32559150,62.66,62.94,60.6
02/06/2019,63.44,25156840,63.918,64.848,63.1248
02/05/2019,64.27,33673695,62.498,64.488,62.4499
02/04/2019,62.58,36720380,62.596,63.06,60.376
02/01/2019,62.44,36318090,61.084,63.22,60.7
01/31/2019,61.40,62725950,60.2,62.3127,58.8
01/30/2019,61.75,52970200,60.09,61.8,59.698
01/29/2019,59.49,23014665,59.054,59.7113,58.36
01/28/2019,59.28,32047385,58.582,59.492,57.55
01/25/2019,59.41,35513905,58.878,59.7039,57.91
01/24/2019,58.30,39954555,56.606,58.736,55.8566
01/23/2019,57.52,62565400,58.5,58.9,56.338
01/22/2019,59.78,60260650,60.964,61.6,59.1
01/18/2019,60.45,120396300,64.6,65.4259,59.946
01/17/2019,69.46,18305810,69.242,70.3,68.83
01/16/2019,69.21,23386135,68.956,70.4,68.7
01/15/2019,68.89,30239450,67,69.76,66.9
01/14/2019,66.88,26163450,68.476,68.5,66.8
01/11/2019,69.45,25175390,68.418,69.682,67.754
01/10/2019,68.99,30248105,66.88,69.078,66.358
01/09/2019,67.71,27133090,67.1,68.7005,66.294
01/08/2019,67.07,34972135,68.392,68.802,65.404
01/07/2019,66.99,37711690,64.344,67.348,63.5502
01/04/2019,63.54,36913775,61.2,63.6,60.546
01/03/2019,60.07,34742885,61.4,61.88,59.476
01/02/2019,62.02,58056350,61.22,63.026,59.76
12/31/2018,66.56,31471490,67.558,67.842,65.052
12/28/2018,66.77,49593885,64.62,67.248,63.682
12/27/2018,63.23,42836925,63.968,64.4343,60.3
12/26/2018,65.22,40715510,60,65.394,58.818
12/24/2018,59.08,27799565,62.7,62.9,59.039
12/21/2018,63.95,39986095,63.48,64.694,62.488
12/20/2018,63.08,45246945,65.4108,66.058,62.3738
12/19/2018,66.59,41281870,67.52,69.402,65.948
12/18/2018,67.41,35424435,70.108,70.31,66.738
12/17/2018,69.68,38324160,72.4,73.14,68.776
12/14/2018,73.14,31638125,75,75.574,72.866
12/13/2018,75.36,36740840,74.03,75.488,73.35
12/12/2018,73.32,25098625,73.884,74.382,73.032
12/11/2018,73.35,31492360,73.982,74.4338,72.046
12/10/2018,73.03,32876705,72,73.196,70.624
12/07/2018,71.59,57421750,73.8,75.898,71.53
12/06/2018,72.61,39143445,71.202,73.476,70.152
12/04/2018,71.94,42151065,71.21,73.736,70.4
12/03/2018,71.70,41479215,72,73.2,70.4
11/30/2018,70.10,28105520,68.366,70.32,67.653
11/29/2018,68.23,15380130,69.4,69.5,67.91
11/28/2018,69.57,20570190,69.198,69.656,68.442
11/27/2018,68.78,31735020,68.01,69.392,67.1
11/26/2018,69.20,39865595,65,69.244,65
11/23/2018,65.17,21013210,66.869,67.5,65.11
11/21/2018,67.64,23386945,70.4,70.62,67.4799
11/20/2018,69.50,39956265,68.35,69.96,66.71
11/19/2018,70.69,48492795,71.268,73.35,70.576
11/16/2018,70.86,35972290,69.038,71.14,69.024
11/15/2018,69.69,23000650,68.466,69.716,67.808
11/14/2018,68.80,25160415,68.54,69.422,67.43
11/13/2018,67.75,27113780,66.632,68.94,66.44
11/12/2018,66.26,34584825,69.674,69.956,66.068
11/09/2018,70.10,25467280,69.8,70.8,69.046
11/08/2018,70.28,35401015,69.7,71.5151,69.688
11/07/2018,69.63,36833530,68.668,70.236,68.16
11/06/2018,68.21,33759650,67.814,69.76,67.218
11/05/2018,68.28,39104225,68.1,68.791,66.028
11/02/2018,69.28,38999600,68.748,69.84,68.182
11/01/2018,68.86,39904730,67.652,69.568,66.945
10/31/2018,67.46,38004200,66.508,68.4,65.82
10/30/2018,65.98,45545600,65.678,67.58,64.452
10/29/2018,66.97,72275750,67.494,69.432,65.3
10/26/2018,66.18,136901100,61.65,67.98,61.33
10/25/2018,62.97,103858350,63.444,64.2,60.202
10/24/2018,57.70,96752250,60.21,60.888,57.146
10/23/2018,58.83,94781050,52.774,59.586,52.42
10/22/2018,52.19,27974275,52.136,52.372,50.518
10/19/2018,52.00,46723820,53.478,53.932,50.7
10/18/2018,52.78,27009355,53.858,54.2,52.6
10/17/2018,54.36,43184745,56.48,56.54,53.1606
10/16/2018,55.32,47505600,53.14,55.475,52.448
10/15/2018,51.92,30945130,51.812,52.656,50.9073
10/12/2018,51.76,35946285,52.2,52.398,50.402
10/11/2018,50.45,40640920,51.506,52.45,49.806
10/10/2018,51.38,63907800,52.922,53.102,49.554
10/09/2018,52.56,60188900,51.05,53.354,50.66
10/08/2018,50.11,66855900,52.904,53.552,49.8
10/05/2018,52.39,89503550,54.93,54.976,52
10/04/2018,56.37,48194425,58.79,58.8,55.534
10/03/2018,58.96,39911360,60.666,60.92,58.314
10/02/2018,60.20,58498450,62.79,63.368,59.83
10/01/2018,62.14,108571050,61.154,62.288,60.21
09/28/2018,52.95,167986450,54.052,55.6,52.111
09/27/2018,61.50,36688800,62.58,62.992,61.382
09/26/2018,61.92,39179315,60.382,62.778,60.2219
09/25/2018,60.20,22361435,60,60.92,59.3
09/24/2018,59.94,24171920,59.696,60.5999,58.716
09/21/2018,59.82,25192485,59.54,60.116,59.074
09/20/2018,59.67,36662385,60.712,61.196,58.666
09/19/2018,59.80,41321765,56.102,60,56.1
09/18/2018,56.99,82471400,59.338,60.528,55.1
09/17/2018,58.97,34331040,58.008,60.174,57.626
09/14/2018,59.04,33788260,57.752,59.4651,57.304
09/13/2018,57.89,31666405,57.604,59,57.036
09/12/2018,58.11,50010750,56.288,58.5,55.7293
09/11/2018,55.89,45805305,55.894,56.4,54.71
09/10/2018,57.10,71161250,54.652,57.206,54.2
09/07/2018,52.65,112211550,52.02,53.67,50.451
09/06/2018,56.19,37363780,56.96,58.234,55.776
09/05/2018,56.15,38536710,57.01,57.356,55.436
09/04/2018,57.79,41522855,59.388,59.638,57.6
08/31/2018,60.33,26835240,60.4,61.0616,59.72
08/30/2018,60.63,36053125,60.452,60.92,59.544
08/29/2018,61.00,37052690,62.054,62.37,60.738
08/28/2018,62.37,38197265,63.682,63.776,62.238
08/27/2018,63.85,65313250,63.6,64.487,61.762
08/24/2018,64.56,17963670,64.14,64.77,63.88
08/23/2018,64.02,25693425,63.828,65.464,63.62
08/22/2018,64.33,29679265,64.174,64.776,62.934
08/21/2018,64.38,65738850,62.122,64.958,61.8
08/20/2018,61.69,86902150,58.3408,61.7,57.64
08/17/2018,61.10,94479400,64.7,65.354,60.706
08/16/2018,67.09,30226960,67.982,68.456,66.764
08/15/2018,67.74,45365165,68.3812,68.898,66.428
08/14/2018,69.53,34742555,71.69,71.8399,69.42
08/13/2018,71.28,52224600,72.226,72.638,69.804
08/10/2018,71.10,57652550,70.8,72,69.2
08/09/2018,70.49,84759000,73.11,73.402,69.146
08/08/2018,74.07,122677100,73.818,76.528,73.424
08/07/2018,75.91,152982000,68.768,77.492,67.83
08/06/2018,68.40,42683830,69.092,70.996,68.364
08/03/2018,69.63,68233200,69.562,71,68.506
08/02/2018,69.91,115795800,65.688,69.998,64.632
08/01/2018,60.17,43840495,59.598,60.6,58.6
07/31/2018,59.63,25275470,58.45,59.664,57.814
07/30/2018,58.03,33997905,59.18,59.22,57.226
07/27/2018,59.44,28473450,61.45,61.5387,59.0681
07/26/2018,61.33,23097835,60.97,62.14,60.7282
07/25/2018,61.75,35156910,59.348,61.924,58.9005
07/24/2018,59.49,47930930,60.8842,61.5434,58.509
07/23/2018,60.64,54874100,60.368,61.1,58.572
07/20/2018,62.72,25799155,64.246,64.648,62.3419
07/19/2018,64.05,29535580,63.266,64.708,62.802
07/18/2018,64.77,28050425,65,65.1,63.25
07/17/2018,64.54,34938910,61.762,64.948,61.7
07/16/2018,62.02,39002270,62.342,63.032,61.25
07/13/2018,63.77,29333880,63.116,63.917,61.85
07/12/2018,63.34,28559255,64.286,64.646,62.554
07/11/2018,63.79,24392975,63.16,64.388,63.014
07/10/2018,64.49,47187785,64.912,65.5354,63.84
07/09/2018,63.70,37897705,62.398,63.704,61.6
07/06/2018,61.78,44300990,60.991,62.414,60.4
07/05/2018,61.83,87287850,62.752,62.878,59.244
07/03/2018,62.17,61413200,66.35,66.498,61.938
07/02/2018,67.01,93663550,72.014,72.956,65.97
06/29/2018,68.59,32379515,70.666,70.772,68.482
06/28/2018,69.99,41940860,69.732,71.404,69.222
06/27/2018,68.90,41569085,69,70.158,67.9
06/26/2018,68.40,37173745,67.2108,68.71,65.1598
06/25/2018,66.60,34625445,66.024,67.694,65.5
06/22/2018,66.73,51268850,70.308,70.45,66.4
06/21/2018,69.50,39749230,72.4,73.2428,69.254
06/20/2018,72.44,41851340,71.608,72.876,70.4
06/19/2018,70.51,63674200,73.032,74,69.25
06/18/2018,74.17,60127250,71.08,74.746,70.9
06/15/2018,71.63,54137800,70.768,72.934,70.25
06/14/2018,71.54,54805750,69.526,71.75,69.32
06/13/2018,68.96,47007335,69.3412,69.44,67.96
06/12/2018,68.55,111282150,68.94,70.994,67.6
06/11/2018,66.42,65830250,64.502,66.932,64.5
06/08/2018,63.53,40960875,63.8,64.896,63.43
06/07/2018,63.22,71680550,63.23,66,62.716
06/06/2018,63.90,93712000,60.1,64.434,59.496
06/05/2018,58.23,29389365,59.54,59.56,57.348
06/04/2018,59.35,23968935,58.868,59.8,58.7096
06/01/2018,58.36,27089920,57.172,58.39,56.7678
05/31/2018,56.95,29564125,57.442,58.074,56.586
05/30/2018,58.34,37367950,56.658,59.001,56.32
05/29/2018,56.75,28285765,55.702,57.3,55.23
05/25/2018,55.77,19363105,55.525,55.928,55.122
05/24/2018,55.57,20853945,55.68,56.222,54.978
05/23/2018,55.81,29861185,55.552,55.982,54.8
05/22/2018,55.00,44692505,57.5524,57.6,54.6844
05/21/2018,56.90,45839220,56.266,58.298,56.26
05/18/2018,55.36,36218495,56.93,56.93,54.8
05/17/2018,56.91,22091290,57.18,57.8375,56.794
05/16/2018,57.30,28348220,56.766,57.762,56.312
05/15/2018,56.84,47548765,57.002,57.392,56.1
05/14/2018,58.39,36327505,60.664,60.988,58.324
05/11/2018,60.21,23326605,61.54,61.776,59.816
05/10/2018,61.00,28213855,61.4999,62.598,60.8224
05/09/2018,61.37,28561275,60.082,61.402,60.01
05/08/2018,60.39,29637235,60.159,61.55,59.8
05/07/2018,60.55,43365450,59.5,61.1918,59.034
05/04/2018,58.82,42827530,56.6,59.372,55.904
05/03/2018,56.89,86695450,55.758,57.608,55.046
05/02/2018,60.23,41730880,59.714,61.37,59.5569
05/01/2018,59.98,23074730,58.702,60.164,58.644
04/30/2018,58.78,21120340,58.722,59.746,58.5
04/27/2018,58.82,21734270,57.074,58.894,56.766
04/26/2018,57.10,21740540,55.75,57.158,55.3
04/25/2018,56.14,20002105,56.7,57.032,55.45
04/24/2018,56.69,28391210,57,57.418,55.692
04/23/2018,56.67,24403715,58.258,58.324,56.466
04/20/2018,58.05,28113150,59.034,59.996,57.95
04/19/2018,60.02,30419000,58.216,60.202,57.71
04/18/2018,58.67,32657815,58.216,60.048,57.632
04/17/2018,57.54,34655760,57.774,58.434,56.502
04/16/2018,58.24,31447485,59.8,59.932,57.802
04/13/2018,60.07,36596125,60.72,60.79,59.196
04/12/2018,58.82,37977625,60.464,60.79,58.736
04/11/2018,60.19,37351020,60.148,61.796,59.932
04/10/2018,60.94,55085050,59.794,61.42,58.736
04/09/2018,57.93,51207050,60.074,61.9,57.842
04/06/2018,59.86,67582650,60.2,61.856,59.1
04/05/2018,61.14,95129300,57.868,61.252,57.64
04/04/2018,57.39,99400900,50.556,57.674,50.4
04/03/2018,53.51,94148250,53.964,54.67,50.898
04/02/2018,50.50,80466450,51.252,52.0664,48.918
03/29/2018,53.23,75072200,51.298,54.192,49.642
03/28/2018,51.56,104811400,52.916,53.736,50.42
03/27/2018,55.84,68935300,60.8,60.854,55.436
03/26/2018,60.84,41824685,61.468,61.518,58.272
03/23/2018,60.31,33199800,62.25,62.322,60.09
03/22/2018,61.82,24624640,62.778,63.764,61.636
03/21/2018,63.31,29771235,62.05,64.488,62.038
03/20/2018,62.11,23805155,62.974,63.25,61.752
03/19/2018,62.71,37339450,63.3,64.15,61.934
03/16/2018,64.27,30566825,65.192,65.48,63.814
03/15/2018,65.12,32772840,65.876,66.57,64.22
03/14/2018,65.33,39760760,67.352,67.962,64.786
03/13/2018,68.37,29803180,68.984,69.024,67.2527
03/12/2018,69.10,41264595,65.722,69.442,65.3
03/09/2018,65.43,27513895,64.82,65.698,64.474
03/08/2018,65.82,17571835,66.572,66.66,65.2548
03/07/2018,66.46,25009700,65.088,66.5,64.348
03/06/2018,65.64,21182415,66.75,67.274,65.406
03/05/2018,66.67,19103510,66.478,67.55,65.8586
03/02/2018,67.02,25443945,65.396,67.044,64.594
03/01/2018,66.19,34362760,69.002,69.734,66.014
02/28/2018,68.61,30330220,70.514,71.048,68.444
02/27/2018,70.20,23925110,71.25,71.998,70.002
02/26/2018,71.48,21672500,70.7,71.8,70.471
02/23/2018,70.41,29070885,69.566,70.998,69.42
02/22/2018,69.23,34809400,67.106,69.488,66.95
02/21/2018,66.66,16036250,67.206,67.9386,66.634
02/20/2018,66.95,20029810,66.894,68.168,66.3
02/16/2018,67.10,28200920,66.5,68.624,66.328
02/15/2018,66.81,29549115,64.9,66.824,64.48
02/14/2018,64.46,19740385,64.168,65.234,63.704
02/13/2018,64.73,22773155,63.004,64.838,62.5021
02/12/2018,63.15,31122395,63.226,63.616,61.25
02/09/2018,62.08,64622150,63.986,64.1969,58.952
02/08/2018,63.05,51482100,68.662,69.724,62.92
02/07/2018,69.00,33648410,67.798,69.2,67.132
02/06/2018,66.79,25400160,65.042,67.244,64.7
02/05/2018,66.63,22205830,67.594,68.894,66.6
02/02/2018,68.75,18480785,69.688,70.39,68.102
02/01/2018,69.85,20937200,70.2,71.932,69.726
01/31/2018,70.86,30996865,69.502,71.238,69.038
01/30/2018,69.16,23553420,69.028,69.654,68.434
01/29/2018,69.91,23691040,67.97,70.17,67.656
01/26/2018,68.57,22677285,68.3,68.8,67.142
01/25/2018,67.53,33626040,69.654,69.84,67.28
01/24/2018,69.18,26386930,70.916,70.95,68.704
01/23/2018,70.56,27238110,72,72.1,70.2
01/22/2018,70.31,30998885,69.88,71.566,69.84
01/19/2018,70.00,24355905,69,70.118,68.52
01/18/2018,68.91,28398145,69.134,70.46,68.748
01/17/2018,69.43,35462770,68.094,69.8,67.95
01/16/2018,68.01,32146170,67.508,69,66.96
01/12/2018,67.24,24112545,67.726,68.082,66.734
01/11/2018,67.59,33204315,67.048,68.962,66.652
01/10/2018,66.96,21515265,66.44,67.4,66
01/09/2018,66.74,35672625,67.032,67.76,65.481
01/08/2018,67.28,49163050,63.2,67.404,63.1
01/05/2018,63.32,22943640,63.324,63.448,62.4
01/04/2018,62.92,49722965,62.574,63.71,61.136
01/03/2018,63.45,22192600,64.2,65.05,63.11
01/02/2018,64.11,21728075,62.4,64.422,62.2
12/29/2017,62.27,18847520,63.236,63.282,62
12/28/2017,63.07,21533730,62.35,63.164,61.908
12/27/2017,62.33,23525420,63.2,63.536,62.15
12/26/2017,63.46,21843495,64.766,64.788,63.316
12/22/2017,65.04,21038010,65.902,66.1843,64.964
12/21/2017,66.33,21849970,65.918,66.748,65.442
12/20/2017,65.80,29536890,66.538,66.62,65.008
12/19/2017,66.22,34104340,68.052,68.2985,66.06
12/18/2017,67.77,27332730,68.98,69.346,67.516
12/15/2017,68.69,34606230,68.408,68.78,67.152
12/14/2017,67.58,28960120,68.202,69.488,67.38
12/13/2017,67.81,31088505,68.186,68.844,67.3
12/12/2017,68.21,43577850,66.09,68.288,66.006
12/11/2017,65.78,39630450,62.926,65.802,62.75
12/08/2017,63.03,17330440,62.92,63.396,62.252
12/07/2017,62.25,23897950,62.4,63.7268,62.21
12/06/2017,62.65,35922385,60.02,62.678,60
12/05/2017,60.74,23218540,60.4,61.6,60.2
12/04/2017,61.04,29171135,61.3,61.653,60.122
12/01/2017,61.31,21430410,61.088,62.064,61.01
11/30/2017,61.77,21727170,61.712,62.14,60.908
11/29/2017,61.51,43787315,63.46,63.6,60.246
11/28/2017,63.51,24708515,63.272,64,62.784
11/27/2017,63.36,22688895,62.65,63.468,61.902
11/24/2017,63.11,16220325,62.758,63.282,62.2
11/22/2017,62.52,24566415,63.354,63.484,62.368
11/21/2017,63.56,36281905,62.172,63.646,61.742
11/20/2017,61.75,41209105,62.758,63.1,60.95
11/17/2017,63.01,68604150,65.134,65.334,62.63
11/16/2017,62.50,28972045,62.798,63.628,62.26
11/15/2017,62.26,29759175,61.202,62.498,60.3
11/14/2017,61.74,28309520,63,63.27,61.38
11/13/2017,63.08,37826210,60.026,63.36,59.822
11/10/2017,60.60,23105400,60.5,61.672,60.37
11/09/2017,60.60,27200865,60.5,60.892,59.26
11/08/2017,60.88,23626775,61.1,61.378,60.26
11/07/2017,61.21,26424220,60.204,61.3,60.006
11/06/2017,60.56,32403445,61.4,61.5,59.802
11/03/2017,61.22,44429665,59.9,61.25,59.026
11/02/2017,59.85,98856400,60.026,61.738,58.526
11/01/2017,64.22,41212435,66.45,66.5218,64.052
10/31/2017,66.31,28250310,64.046,66.39,64.036
10/30/2017,64.02,21238095,63.836,64.756,63.45
10/27/2017,64.17,34841825,63.95,64.918,63.332
10/26/2017,65.23,25050435,65.556,66.046,64.64
10/25/2017,65.17,42918095,67.34,67.5,64.712
10/24/2017,67.47,22428460,67.76,68.56,67.232
10/23/2017,67.40,28697990,69.976,69.99,67.25
10/20/2017,69.02,24628285,70.538,70.91,68.868
10/19/2017,70.36,25278575,71.112,71.4293,69.64
10/18/2017,71.93,24680120,71.194,72.6,70.826
10/17/2017,71.15,16451450,70.182,71.244,70.014
10/16/2017,70.12,26865450,70.752,70.896,69.432
10/13/2017,71.11,17694035,71.396,71.698,70.736
10/12/2017,71.14,20367760,70.59,71.956,70.528
10/11/2017,70.92,22473665,70.778,71.52,70.23
10/10/2017,71.12,34861315,69.36,71.126,69.1061
10/09/2017,68.59,37307305,69.93,70.35,68.534
10/06/2017,71.38,21364330,70.62,72.0198,70.45
10/05/2017,71.07,20839565,71.2,71.487,70.27
10/04/2017,71.00,40739975,70.25,71.724,69.92
10/03/2017,69.63,50612750,67.18,69.71,66.256
10/02/2017,68.31,26137735,68.504,68.74,67.102
09/29/2017,68.22,25495255,68.372,68.936,67.7202
09/28/2017,67.92,26548895,67.976,68.55,67.08
09/27/2017,68.19,30136875,69.98,70.2978,68.1
09/26/2017,69.05,35748245,70.186,70.248,68.18
09/25/2017,69.00,37935790,70.63,71.4938,68.576
09/22/2017,70.22,40714475,73.298,73.98,70.176
09/21/2017,73.30,23054360,74.98,75.366,72.902
09/20/2017,74.78,24549790,74.6,75.6498,74.214
09/19/2017,75.02,32176040,76,76.478,74.714
09/18/2017,77.00,35888865,76.05,77.922,75.536
09/15/2017,75.96,27036135,74.902,76,74.54
09/14/2017,75.53,35851315,72.866,75.592,72.526
09/13/2017,73.25,20855925,72.764,73.614,71.918
09/12/2017,72.55,29831020,72.898,73.752,72.08
09/11/2017,72.74,38255000,70.27,72.742,70
09/08/2017,68.68,16306665,69.798,69.956,68.46
09/07/2017,70.12,21175225,69.196,70.496,68.69
09/06/2017,68.91,20410005,69.9,70.1958,68.312
09/05/2017,69.92,19182010,70.76,71.098,69.178
09/01/2017,71.08,15242750,71.224,71.518,70.738
08/31/2017,71.18,20316650,70.71,71.688,70.564
08/30/2017,70.64,17020825,69.934,70.694,69.4
08/29/2017,69.47,20346515,67.896,69.81,67.75
08/28/2017,69.13,18731200,69.456,69.47,67.944
08/25/2017,69.61,17375930,70.848,71.138,69.46
08/24/2017,70.59,22857870,70.504,71.332,69.948
08/23/2017,70.55,24709735,67.798,70.698,67.6608
08/22/2017,68.27,21571340,68.226,68.448,67.4745
08/21/2017,67.57,32449250,69.164,69.164,66.37
08/18/2017,69.49,26954025,70.582,70.8,69.16
08/17/2017,70.38,25054125,72.242,72.66,70.318
08/16/2017,72.58,17030865,72.6,73.3,72.504
08/15/2017,72.47,15423005,73.04,73.098,71.874
08/14/2017,72.76,22539845,72.926,73.532,72.52
08/11/2017,71.57,21787810,71.394,72.252,70.724
08/10/2017,71.08,35315270,72.32,73.3301,70.932
08/09/2017,72.71,34405910,72.2,74,71.79
08/08/2017,73.04,37159190,71.506,73.716,71.48
08/07/2017,71.03,31546655,71.47,71.896,70.55
08/04/2017,71.38,46166475,69.4,71.454,68.66
08/03/2017,69.42,67621350,69.066,70,68.63
08/02/2017,65.18,59711750,63.788,65.424,62.244
08/01/2017,63.91,41424985,64.6,64.89,63.226
07/31/2017,64.69,42627270,67.1,68.298,64.208
07/28/2017,67.01,24349455,67.378,67.92,66.502
07/27/2017,66.89,41429395,69.2,69.5,65.258
07/26/2017,68.77,24047570,68.072,69.1,67.624
07/25/2017,67.92,34889660,69,69.12,66.83
07/24/2017,68.50,42991460,66.048,68.6798,66.002
07/21/2017,65.68,24358540,65.892,66.2515,65.16
07/20/2017,65.98,25712580,65.38,66.044,64.84
07/19/2017,65.05,31729420,65.646,66.33,64.6439
07/18/2017,65.65,31803550,63.5,65.826,63.132
07/17/2017,63.91,49137530,65.108,65.42,62.69
07/14/2017,65.56,28039620,64.638,65.684,64.244
07/13/2017,64.68,42911575,66.022,66.32,63.994
07/12/2017,65.90,51586200,66.08,66.62,64.9
07/11/2017,65.44,57633800,63.2,65.456,62.86
07/10/2017,63.21,68801450,62.58,63.588,60.626
07/07/2017,62.64,70649750,62.7,63.4,61.476
07/06/2017,61.77,96290200,63.452,64.158,61.26
07/05/2017,65.42,84991500,69.44,69.448,65.266
07/03/2017,70.52,31527005,74.048,74.27,70.3
06/30/2017,72.32,29115230,72.742,73.3535,71.9237
06/29/2017,72.15,41012315,74.122,74.2,70.82
06/28/2017,74.25,31451615,73.336,74.348,72.504
06/27/2017,72.47,34887470,75.28,75.28,72.404
06/26/2017,75.50,32984270,77.338,77.39,74.62
06/23/2017,76.69,32125900,76.49,77.398,75.869
06/22/2017,76.52,37552030,75.598,77,74.714
06/21/2017,75.28,24583850,74.87,75.398,73.604
06/20/2017,74.45,37095550,75.334,75.776,73.946
06/19/2017,73.96,32167170,75,75.34,73.56
06/16/2017,74.28,31737250,75.595,75.602,74.02
06/15/2017,75.07,52063250,74.5,75.092,73.298
06/14/2017,76.13,63892400,76.217,76.85,75.262
06/13/2017,75.19,58866850,73.524,75.2,73.322
06/12/2017,71.80,52539300,71.598,72.9,70.124
06/09/2017,71.46,86250300,74.884,75.374,70.96
06/08/2017,74.00,45143385,72.75,74.38,72.044
06/07/2017,71.93,46743460,71.268,72.1,71.028
06/06/2017,70.57,55159600,68.94,71.8986,67.994
06/05/2017,69.46,33845870,67.7,69.688,66.842
06/02/2017,67.97,27919760,67.954,68.576,67.186
06/01/2017,68.07,38008820,68.8,68.976,67.458
05/31/2017,68.20,49687780,67.538,68.578,67.032
05/30/2017,67.02,38857680,65.2,67.256,65.152
05/26/2017,65.03,38965045,63.456,65.098,63.262
05/25/2017,63.37,25002160,62.204,63.394,61.562
05/24/2017,62.04,25175960,61.302,62.2,61.08
05/23/2017,60.77,21571335,62.092,62.146,60.696
05/22/2017,62.07,21621525,62.56,62.874,61.36
05/19/2017,62.17,23272900,63.1,63.3,62.04
05/18/2017,62.61,28045765,61.4,62.788,61.062
05/17/2017,61.22,33478285,62.878,62.926,61.1
05/16/2017,63.40,20705330,63.518,64.012,63.028
05/15/2017,63.18,38034270,63.676,64.04,62.506
05/12/2017,64.96,20593065,65.096,65.4,64.306
05/11/2017,64.62,23735860,64.68,65.2,63.92
05/10/2017,65.04,28672620,64.312,65.1,63.624
05/09/2017,64.25,48316870,61.876,64.398,61.82
05/08/2017,61.44,35014535,62.18,62.758,61.164
05/05/2017,61.67,40587245,59.6,61.71,59.36
05/04/2017,59.09,70679950,61.487,61.554,58.152
05/03/2017,62.20,34396295,63.534,64.306,62.09
05/02/2017,63.78,26582755,64.8,65.532,63.312
05/01/2017,64.57,44099440,62.976,65.45,62.962
04/28/2017,62.81,22483295,61.966,62.96,61.6
04/27/2017,61.73,17313315,62.338,62.618,61.5
04/26/2017,62.03,23415655,62.474,62.9,61.8
04/25/2017,62.76,33670810,61.6,62.796,61.172
04/24/2017,61.61,25388855,61.844,62.11,61.2043
04/21/2017,61.12,22509790,60.4,61.28,60.084
04/20/2017,60.50,30729805,61.302,61.83,60.046
04/19/2017,61.10,19455725,60.492,61.324,60.422
04/18/2017,60.05,15171125,59.94,60.168,59.58
04/17/2017,60.29,20640335,60.54,60.8,59.736
04/13/2017,60.80,46378410,59.34,61.478,59.06
04/12/2017,59.37,30218240,61.268,61.6896,59.264
04/11/2017,61.74,28590265,62.676,62.694,61.1
04/10/2017,62.48,38268115,61.83,62.746,61.742
04/07/2017,60.51,22833160,59.5,60.538,59.43
04/06/2017,59.74,27588655,59.376,60.388,58.82
04/05/2017,59.00,39292825,60.408,60.976,58.84
04/04/2017,60.74,50541150,59.378,60.962,58.906
04/03/2017,59.70,69324250,57.38,59.8,56.916
03/31/2017,55.66,16468490,55.746,55.936,55.2639
03/30/2017,55.58,20707185,55.608,56.4,55.442
03/29/2017,55.48,18362630,55.668,55.92,55.108
03/28/2017,55.49,39893325,55.404,56.136,55
03/27/2017,54.04,31106805,52.12,54.114,51.95
03/24/2017,52.63,28188340,51.14,52.778,51.002
03/23/2017,50.96,16549220,51.078,51.5344,50.66
03/22/2017,51.00,20283675,50.312,51.014,50.102
03/21/2017,50.14,34507775,52.566,52.96,50.048
03/20/2017,52.38,18008080,52.12,52.91,51.7642
03/17/2017,52.30,32455090,52.8,53.066,52.24
03/16/2017,52.41,35635900,52.48,53.15,51.812
03/15/2017,51.15,26166825,51.4,52.2,50.854
03/14/2017,51.60,37908595,49.222,51.624,49.204
03/13/2017,49.23,15056400,48.964,49.37,48.5562
03/10/2017,48.74,15313925,49.242,49.3,48.6
03/09/2017,48.98,19382470,49.526,49.732,48.6
03/08/2017,49.37,18633730,49.4,50.014,49.064
03/07/2017,49.72,17262935,50.384,50.778,49.664
03/06/2017,50.24,16768005,49.582,50.34,49.502
03/03/2017,50.31,14627405,50.148,50.38,49.8
03/02/2017,50.10,16728755,49.942,50.656,49.654
03/01/2017,50.00,24024815,50.836,50.97,49.822
02/28/2017,50.00,30369450,48.838,50.2,48.78
02/27/2017,49.25,57250800,49.634,49.672,48.402
02/24/2017,51.40,40834345,50.532,51.65,50.04
02/23/2017,51.20,74385450,52.8,52.932,51.112
02/22/2017,54.70,42689055,56.062,56.69,54.52
02/21/2017,55.48,28237875,55.09,56.28,54.802
02/17/2017,54.45,31257345,53.16,54.578,52.83
02/16/2017,53.79,35319300,55.52,56,53.7
02/15/2017,55.95,24719395,56,56.448,55.288
02/14/2017,56.20,36707250,55.806,57.478,55.722
02/13/2017,56.12,35115360,54.148,56.158,54.102
02/10/2017,53.85,18091680,53.958,54.19,53.222
02/09/2017,53.84,39063000,53.25,54.236,53.23
02/08/2017,52.42,19562140,51.47,52.672,51.24
02/07/2017,51.50,21220315,51.638,52,51.284
02/06/2017,51.55,17788000,50.2,51.564,50.126
02/03/2017,50.27,10926150,50.382,50.4358,49.936
02/02/2017,50.31,12493995,49.668,50.484,49.542
02/01/2017,49.85,19765525,50.61,50.64,49.81
01/31/2017,50.39,20560065,49.848,51.178,49.54
01/30/2017,50.13,18993190,50.506,51.058,49.42
01/27/2017,50.59,15808870,50.276,50.6,49.704
01/26/2017,50.50,15718585,50.858,51.148,50.15
01/25/2017,50.89,25726505,51.462,51.692,50.36
01/24/2017,50.92,24790720,50,50.96,49.93
01/23/2017,49.78,31310485,49.17,50.178,49.1
01/20/2017,48.95,20998600,49.092,49.2,48.602
01/19/2017,48.75,38586220,49.45,49.736,48.15
01/18/2017,47.67,18836360,47.33,47.942,47.116
01/17/2017,47.12,23073655,47.34,47.992,46.874
01/13/2017,47.55,30428050,46,47.57,45.918
01/12/2017,45.92,18937735,45.812,46.14,45.116
01/11/2017,45.95,18249550,45.814,45.996,45.336
01/10/2017,45.97,18294905,46.4,46.4,45.378
01/09/2017,46.26,19863580,45.794,46.384,45.6
01/06/2017,45.80,27620765,45.386,46.062,45.09
01/05/2017,45.35,29544635,45.284,45.496,44.39
01/04/2017,45.40,56022800,42.95,45.6,42.862
01/03/2017,43.40,29507470,42.972,44.066,42.192
12/30/2016,42.74,23206440,43.26,43.5,42.336
12/29/2016,42.94,20215430,43.712,43.84,42.8245
12/28/2016,43.95,18892720,44.306,44.76,43.44
12/27/2016,43.91,29566675,42.976,44.45,42.884
12/23/2016,42.67,23341315,41.6,42.69,41.542
12/22/2016,41.69,15542135,41.644,41.998,41.3
12/21/2016,41.54,26030715,41.69,42.446,41.482
12/20/2016,41.76,23421345,40.61,41.8,40.5
12/19/2016,40.55,17434685,40.498,40.89,39.968
12/16/2016,40.50,18977220,39.616,40.518,39.52
12/15/2016,39.52,16093265,39.682,40.148,39.478
12/14/2016,39.74,20736570,39.748,40.6,39.352
12/13/2016,39.63,34096610,38.636,40.256,38.6
12/12/2016,38.49,12182140,38.56,38.884,38.208
12/09/2016,38.44,13604685,38.174,38.7672,38.162
12/08/2016,38.46,15968420,38.41,38.5,37.908
12/07/2016,38.63,27285355,37.23,38.68,37
12/06/2016,37.17,16946825,37.104,37.316,36.5365
12/05/2016,37.36,20347400,36.502,37.778,36.502
12/02/2016,36.29,20201005,36.576,36.976,36
12/01/2016,36.38,25595525,37.65,37.706,36.2
11/30/2016,37.88,17724455,38.2,38.378,37.5
11/29/2016,37.91,22176560,39.112,39.346,37.9
11/28/2016,39.22,22605410,39.096,39.87,38.91
11/25/2016,39.33,11830490,38.728,39.4474,38.728
11/23/2016,38.63,24451425,38.122,39.1288,37.8
11/22/2016,38.23,28006190,37.168,38.294,36.742
11/21/2016,36.90,21779360,37.008,37.778,36.882
11/18/2016,37.00,26032365,38.13,38.6,37
11/17/2016,37.73,24404845,36.698,37.898,36.422
11/16/2016,36.79,17163340,36.53,36.946,36.242
11/15/2016,36.75,19498715,36.556,37.286,36.41
11/14/2016,36.29,32739565,37.6,37.65,35.638
11/11/2016,37.71,19935455,36.848,37.776,36.6
11/10/2016,37.07,33731450,38.21,38.322,36.084
11/09/2016,38.01,40832235,37.375,38.4,36.79
11/08/2016,38.99,16264635,38.758,39.498,38.252
11/07/2016,38.64,19288410,38.718,38.858,38.01
11/04/2016,38.11,25719575,37.8,38.692,37.192
11/03/2016,37.48,13222750,37.8,38.294,37.408
11/02/2016,37.60,21211250,38.01,38.539,37.501
11/01/2016,38.16,35118370,39.608,39.7,37.621
10/31/2016,39.55,23456600,40.498,40.498,39.162
10/28/2016,39.99,21367280,40.8,41.064,39.966
10/27/2016,40.80,65354950,42.268,42.74,40.33
10/26/2016,40.45,26734465,40.2,40.638,40.02
10/25/2016,40.47,12210590,40.58,40.938,40.24
10/24/2016,40.55,13736720,40.2,40.789,40.05
10/21/2016,40.02,14684540,39.72,40.314,39.482
10/20/2016,39.82,25347050,40.424,40.6,39.41
10/19/2016,40.71,34830925,39.948,41.332,39.612
10/18/2016,39.82,28380230,39.198,39.894,38.652
10/17/2016,38.79,22591655,39.41,39.678,38.4
10/14/2016,39.30,21327355,40.132,40.286,39.26
10/13/2016,40.05,12475700,40.1,40.179,39.41
10/12/2016,40.30,9845495,40.19,40.776,40.084
10/11/2016,40.02,11633770,40.37,40.44,39.662
10/10/2016,40.19,16556700,40.27,40.828,39.932
10/07/2016,39.32,17447400,40.2,40.264,39.16
10/06/2016,40.20,23489685,40.492,40.842,40.042
10/05/2016,41.69,9362280,42.448,42.63,41.624
10/04/2016,42.28,17689765,42.62,42.664,41.764
10/03/2016,42.74,29946710,42.46,43.1338,41.65
09/30/2016,40.81,12908650,40.442,40.996,39.91
09/29/2016,40.14,13570200,41.12,41.466,40.116
09/28/2016,41.25,10396620,41.502,41.65,41.052
09/27/2016,41.16,16839535,41.93,41.9964,40.9219
09/26/2016,41.80,11966865,41.3,42.2,41.3
09/23/2016,41.49,14520625,41.198,42.036,41.134
09/22/2016,41.29,11908000,41.28,41.456,40.6
09/21/2016,41.04,13156425,41.274,41.4,40.312
09/20/2016,40.93,12042780,41.37,41.55,40.782
09/19/2016,41.27,11491590,41.4,41.886,41
09/16/2016,41.08,15521330,40.084,41.14,39.8
09/15/2016,40.08,15414710,39.298,40.5039,39.28
09/14/2016,39.28,11280715,39.15,39.585,38.9712
09/13/2016,39.21,17915700,39.412,39.698,38.69
09/12/2016,39.66,18570245,39,40.2738,38.82
09/09/2016,38.89,18768670,39.818,39.984,38.74
09/08/2016,39.47,16861465,39.91,39.978,39.272
09/07/2016,40.34,18189590,41.1,41.2994,40.142
09/06/2016,40.57,21930965,39.804,40.65,39.8
09/02/2016,39.56,29850770,40.466,40.64,39.24
09/01/2016,40.15,39662220,41.802,42.22,40.1
08/31/2016,42.40,16374270,42.086,42.52,41.73
08/30/2016,42.27,15821110,43.222,43.222,42.104
08/29/2016,43.04,16306905,44.03,44.08,43
08/26/2016,44.00,11190435,44.428,44.571,43.764
08/25/2016,44.19,8801060,44.622,44.76,44.154
08/24/2016,44.52,12834735,45.41,45.43,44.444
08/23/2016,44.97,23738725,44.864,45.698,44.56
08/22/2016,44.59,10308460,44.834,45.022,44.536
08/19/2016,45.00,8293080,44.708,45.0338,44.506
08/18/2016,44.70,8496500,44.764,45.132,44.458
08/17/2016,44.65,8932040,44.866,44.966,44.56
08/16/2016,44.72,11255575,45.098,45.438,44.682
08/15/2016,45.12,10089820,45.204,45.9,44.986
08/12/2016,45.12,9059250,45.082,45.33,44.808
08/11/2016,44.98,9384795,45.234,45.514,44.682
08/10/2016,45.13,11682480,45.648,45.974,44.924
08/09/2016,45.82,10998830,45.364,46.3075,45.33
08/08/2016,45.23,11297325,45.6,45.92,45.218
08/05/2016,46.01,15951710,46,46.4,45.48
08/04/2016,46.12,20710775,45.138,46.172,44.41
08/03/2016,45.16,19043735,45.474,45.9398,44.842
08/02/2016,45.44,19643530,45.874,45.974,44.28
08/01/2016,46.00,20070240,47.1,47.326,45.876
07/29/2016,46.96,15307870,46.14,47.056,46.048
07/28/2016,46.12,12077310,45.59,46.152,45.32
07/27/2016,45.70,14435140,45.868,46.672,45.384
07/26/2016,45.90,17136255,45.538,46,45.06
07/25/2016,46.00,22397415,44.454,46.278,44.2743
07/22/2016,44.45,12852310,44.398,44.9,43.776
07/21/2016,44.10,22128780,45.2,45.5694,43.82
07/20/2016,45.67,12780595,45.294,45.96,45
07/19/2016,45.05,15237675,45,45.82,44.95
07/18/2016,45.25,16972940,43.928,45.418,43.66
07/15/2016,44.08,11154105,44.504,44.55,43.928
07/14/2016,44.31,13289495,44.624,44.988,44.21
07/13/2016,44.51,17703495,45.1,45.118,44.058
07/12/2016,44.93,22869375,44.82,45.5,44.644
07/11/2016,44.96,26845330,43.992,45.356,43.902
07/08/2016,43.36,20335655,43.56,43.962,42.9
07/07/2016,43.19,18016925,42.62,43.624,42.602
07/06/2016,42.89,24551425,42,43.046,41.8
07/05/2016,42.80,25849160,41.946,42.9088,41.6
07/01/2016,43.30,26980150,41.228,43.648,41.2
06/30/2016,42.46,23972200,42.594,42.7,41.804
06/29/2016,42.04,29935600,41.026,42.356,40.6
06/28/2016,40.36,30794980,40.378,40.81,39.882
06/27/2016,39.71,36059115,38.172,39.762,37.574
06/24/2016,38.63,34944745,38.01,39.024,37.946
06/23/2016,39.28,50490950,39.138,39.51,38.426
06/22/2016,39.33,118530500,39.894,41.19,39.15
06/21/2016,43.92,14278095,44.136,44.5138,43.762
06/20/2016,43.94,17748840,43.9,44.75,43.646
06/17/2016,43.09,15538670,43.562,43.998,42.9
06/16/2016,43.59,12193460,43.484,43.608,42.7
06/15/2016,43.54,14525010,43.39,44.38,43.026
06/14/2016,42.99,17879110,43.776,44.44,42.506
06/13/2016,43.57,20939165,43.9,45.154,43.532
06/10/2016,43.76,29972740,45.478,45.594,43.6843
06/09/2016,45.87,22271110,46.996,47.066,45.412
06/08/2016,47.10,29825550,46.76,48.169,46.521
06/07/2016,46.47,30970770,44.448,46.888,44.304
06/06/2016,44.14,11213170,43.6,44.18,43.09
06/03/2016,43.80,11130550,44,44.388,43.602
06/02/2016,43.79,10086395,43.918,43.9818,43.422
06/01/2016,43.91,14911350,44.296,44.48,43.378
05/31/2016,44.65,13933410,44.608,44.9499,44.3
05/27/2016,44.61,18228960,44.998,45.186,44.15
05/26/2016,45.02,20332560,44.1,45.052,43.81
05/25/2016,43.92,15656395,43.582,44.272,43.302
05/24/2016,43.58,15046635,43.32,43.748,43.036
05/23/2016,43.24,25483755,43.974,44.52,43.172
05/20/2016,44.06,44982730,43.398,44.11,43.27
05/19/2016,43.04,34089610,42.724,43.358,41.46
05/18/2016,42.23,27763460,41.83,43.062,41.55
05/17/2016,40.93,14210140,41.81,41.964,40.804
05/16/2016,41.66,14728770,41.63,42.63,41.584
05/13/2016,41.52,14103080,41.556,42.24,41.34
05/12/2016,41.46,18250375,42.288,42.334,40.7314
05/11/2016,41.79,25798200,41.518,43.096,41.21
05/10/2016,41.74,20340265,41.51,41.894,41
05/09/2016,41.78,23864960,43.144,43.23,41.36
05/06/2016,42.99,28418375,42.174,43.274,41.622
05/05/2016,42.31,56241700,45.692,45.728,41.958
05/04/2016,44.51,42750020,46.058,46.892,44.08
05/03/2016,46.46,21481625,47.472,47.782,46.324
05/02/2016,48.36,19194790,48.3,48.638,46.964
04/29/2016,48.15,27025820,49.628,49.686,47.562
04/28/2016,49.54,12577975,49.97,50.686,49.488
04/27/2016,50.29,15990525,50.55,51,49.88
04/26/2016,50.75,16088895,50.41,51.146,49.878
04/25/2016,50.36,18325440,50.602,51.476,50.152
04/22/2016,50.75,18915630,49.778,50.8,49.142
04/21/2016,49.66,13885395,49.798,50.18,49.382
04/20/2016,49.99,25961715,49.252,50.732,48.3
04/19/2016,49.47,31756800,50.624,50.874,48.2502
04/18/2016,50.78,21316230,50.446,51.662,50.332
04/15/2016,50.90,18742965,50.262,50.92,49.824
04/14/2016,50.37,20646290,50.6,51.3678,50.21
04/13/2016,50.91,24607770,49.702,51.1,49.466
04/12/2016,49.56,28776755,49.9,50.36,48.726
04/11/2016,49.98,45782020,50.2,51.798,49.06
04/08/2016,50.01,36763535,52.1,52.164,49.604
04/07/2016,51.44,44227835,53.29,53.868,50.902
04/06/2016,53.08,58478800,50.794,53.548,50.69
04/05/2016,51.09,49657350,48.1,51.312,48
04/04/2016,49.40,66905800,49.824,50.424,48.728
04/01/2016,47.52,79899550,48.965,49.58,46.65
03/31/2016,45.95,39878190,45.868,47.484,45.002
03/30/2016,45.38,20128350,47.018,47.1,45.3
03/29/2016,46.03,20030185,45.978,46.476,45.066
03/28/2016,46.05,19392995,46.322,46.962,45
03/24/2016,45.55,24783020,43.156,45.7775,43
03/23/2016,44.52,24681015,46.474,46.946,44.406
03/22/2016,46.85,21515260,47.442,47.798,46.5116
03/21/2016,47.66,26445070,47.068,47.976,47
03/18/2016,46.55,23523805,45.82,46.896,45.612
03/17/2016,45.28,18845415,44.294,45.7,44
03/16/2016,44.39,17559365,43.6,44.516,43.404
03/15/2016,43.67,15666150,42.854,43.794,42.3
03/14/2016,43.03,20311520,42.53,43.344,42.128
03/11/2016,41.50,16695740,41.586,41.884,41.066
03/10/2016,41.04,25958010,42,42.658,40.1342
03/09/2016,41.74,16037985,40.904,41.8745,40.558
03/08/2016,40.52,20877490,40.7,41.5,40.44
03/07/2016,41.06,26655485,39.536,41.94,39.48
03/04/2016,40.21,32399290,39.6,40.806,39.5
03/03/2016,39.15,24114965,37.656,39.484,36.844
03/02/2016,37.67,24293155,36.746,37.704,36.3
03/01/2016,37.27,33478520,38.85,39.1897,36.54
02/29/2016,38.39,22477010,38.48,39.27,37.8444
02/26/2016,38.07,30270305,37.74,38.4,37
02/25/2016,37.49,28635040,35.73,37.7038,35.04
02/24/2016,35.80,26926845,34.55,35.9,33.568
02/23/2016,35.44,29914965,35.232,36.346,34.736
02/22/2016,35.55,25276700,34.024,35.782,33.97
02/19/2016,33.32,14779160,32.732,33.498,32.5
02/18/2016,33.35,19415535,34.484,34.59,32.954
02/17/2016,33.74,29101320,31.8,33.868,31.336
02/16/2016,31.03,27808190,31.74,32.59,30.822
02/12/2016,30.21,36166320,31,31.402,28.74
02/11/2016,30.09,71184500,30.4,32.652,29.4
02/10/2016,28.73,50523450,30.1,30.994,28.348
02/09/2016,29.65,43198305,28.464,31.958,28.21
02/08/2016,29.60,46533770,31.421,31.43,29.2
02/05/2016,32.52,47172475,34.26,34.6,31.5488
02/04/2016,35.07,21897210,34.14,35.196,33.398
02/03/2016,34.70,39638200,36.718,36.788,34.036
02/02/2016,36.56,28824085,38.484,38.624,36.046
02/01/2016,39.39,26478425,37.752,39.904,36.55
01/29/2016,38.24,14244645,37.99,38.748,37.616
01/28/2016,37.94,22931640,38.158,38.256,36.482
01/27/2016,37.61,17886765,38.476,38.652,37.154
01/26/2016,38.71,24784590,39.34,39.564,37.776
01/25/2016,39.28,13477040,40.012,40.714,39.176
01/22/2016,40.51,15610330,40.9602,41.1,39.806
01/21/2016,39.99,15822120,40.31,40.646,39.004
01/20/2016,39.74,29130550,39.88,40.256,38.25
01/19/2016,40.94,20156355,41.742,42.094,40.156
01/15/2016,41.00,26628865,39.794,41.014,39.45
01/14/2016,41.24,32452895,40.442,42,38.676
01/13/2016,40.06,20604965,42.402,42.53,40
01/12/2016,41.99,15395255,42.32,42.7479,41.062
01/11/2016,41.57,20454215,42.802,42.89,40.6
01/08/2016,42.20,17861800,43.572,44.088,42.154
01/07/2016,43.13,17753520,42.838,43.688,42.734
01/06/2016,43.81,18871765,44,44.01,43.196
01/05/2016,44.69,15927625,45.272,45.378,44
01/04/2016,44.68,34117550,46.144,46.276,43.8
12/31/2015,48.00,13569085,47.702,48.69,47.674
12/30/2015,47.62,18472240,47.32,48.7268,47.1341
12/29/2015,47.44,12012190,46.012,47.544,45.9094
12/28/2015,45.79,9500855,46.298,46.396,45.108
12/24/2015,46.11,3551385,46.112,46.376,45.656
12/23/2015,45.94,7755155,46.436,46.69,45.626
12/22/2015,45.99,9794180,46.998,47.31,45.926
12/21/2015,46.51,9757905,46.338,47.166,46.216
12/18/2015,46.09,15040285,46.578,47.18,45.858
12/17/2015,46.68,16472300,46.788,47.552,45.963
12/16/2015,46.90,25502215,44.42,46.976,44.146
12/15/2015,44.22,11208430,44.364,44.444,43.6
12/14/2015,43.72,14138985,43.502,44.184,42.974
12/11/2015,43.40,16295570,45.048,45.15,43.328
12/10/2015,45.41,10350440,44.942,45.698,44.728
12/09/2015,44.90,15285180,45.34,45.5,44.144
12/08/2015,45.34,13411295,45.504,45.76,44.84
12/07/2015,46.23,15704320,45.54,47.126,45.23
12/04/2015,46.08,12860070,46.492,46.654,45.532
12/03/2015,46.54,14686165,47.096,47.49,46
12/02/2015,46.40,14903220,47.4,47.72,46.246
12/01/2015,47.44,18642810,46.212,47.6,46.21
11/30/2015,46.05,12956025,46.358,46.856,45.816
11/27/2015,46.32,9746765,46.212,46.45,45.402
11/25/2015,45.93,19934725,44.268,46.165,44.075
11/24/2015,43.65,12391945,43.074,44.2,43
11/23/2015,43.55,12625980,43.47,43.836,42.936
11/20/2015,44.00,21970995,44.698,45,42.716
11/19/2015,44.36,12497965,44.108,45.238,44.06
11/18/2015,44.21,14051000,42.9,44.276,42.504
11/17/2015,42.80,10741630,43.04,43.2,42.28
11/16/2015,42.86,14601810,41.218,42.996,41.16
11/13/2015,41.44,17115695,42.59,42.598,41.304
11/12/2015,42.59,14567555,43.57,43.8,42.532
11/11/2015,43.82,16687505,43.554,43.896,42.726
11/10/2015,43.30,23062040,44.696,44.74,43.216
11/09/2015,45.07,19230895,46.598,46.598,44.862
